Category,Query,Configuration,Matched DB File,TP,FN,FP,Precision,Recall,F1 Score,Shift,Query Time (s),Correct
Coding,566726.mp3,ID0_df3_dt3,566726.mp3,457,2886,335,0.577,0.1367,0.221,0,6.482,True
Coding,566726.mp3,ID1_df4_dt2,566726.mp3,527,2751,337,0.61,0.1608,0.2545,0,5.9558,True
Coding,566726.mp3,ID2_df6_dt4,566726.mp3,242,1390,185,0.5667,0.1483,0.2351,0,5.8144,True
Coding,566726.mp3,ID3_df9_dt5,566726.mp3,176,846,148,0.5432,0.1722,0.2615,0,6.0783,True
Coding,566726.mp3,ID4_df12_dt6,566726.mp3,124,550,104,0.5439,0.184,0.2749,0,5.4292,True
Coding,566726.mp3,ID5_df15_dt8,566726.mp3,74,296,68,0.5211,0.2,0.2891,0,5.6477,True
Coding,566726.mp3,ID6_df25_dt10,566726.mp3,33,147,32,0.5077,0.1833,0.2694,0,5.4868,True
Coding,566726.mp3,ID7_df35_dt15,566726.mp3,20,67,15,0.5714,0.2299,0.3279,0,5.4404,True
Coding,566726.mp3,ID8_df50_dt20,566726.mp3,11,38,7,0.6111,0.2245,0.3284,0,5.5535,True
Coding,566726.mp3,ID9_df10_dt5,566726.mp3,159,774,137,0.5372,0.1704,0.2587,0,5.4621,True
Coding,566726.mp3,ID10_df10_dt5,566726.mp3,159,774,137,0.5372,0.1704,0.2587,0,5.5367,True
Coding,566726.mp3,ID11_df7_dt30,566726.mp3,37,147,37,0.5,0.2011,0.2868,0,5.6039,True
Coding,568126.mp3,ID0_df3_dt3,568126.mp3,348,1718,364,0.4888,0.1684,0.2505,0,5.7078,True
Coding,568126.mp3,ID1_df4_dt2,568126.mp3,415,2053,272,0.6041,0.1682,0.2631,0,5.6012,True
Coding,568126.mp3,ID2_df6_dt4,568126.mp3,205,903,135,0.6029,0.185,0.2831,0,5.9323,True
Coding,568126.mp3,ID3_df9_dt5,568126.mp3,173,802,79,0.6865,0.1774,0.282,0,5.8655,True
Coding,568126.mp3,ID4_df12_dt6,568126.mp3,166,679,48,0.7757,0.1964,0.3135,0,5.7435,True
Coding,568126.mp3,ID5_df15_dt8,568126.mp3,143,604,37,0.7944,0.1914,0.3085,0,5.9687,True
Coding,568126.mp3,ID6_df25_dt10,568126.mp3,55,199,20,0.7333,0.2165,0.3343,0,5.7941,True
Coding,568126.mp3,ID7_df35_dt15,568126.mp3,29,126,17,0.6304,0.1871,0.2886,0,5.9882,True
Coding,568126.mp3,ID8_df50_dt20,568126.mp3,10,48,5,0.6667,0.1724,0.274,0,5.8905,True
Coding,568126.mp3,ID9_df10_dt5,568126.mp3,171,776,69,0.7125,0.1806,0.2881,0,5.8712,True
Coding,568126.mp3,ID10_df10_dt5,568126.mp3,171,776,69,0.7125,0.1806,0.2881,0,5.8453,True
Coding,568126.mp3,ID11_df7_dt30,568126.mp3,41,174,39,0.5125,0.1907,0.278,0,5.7596,True
Coding,575226.mp3,ID0_df3_dt3,575226.mp3,404,2356,275,0.595,0.1464,0.235,0,6.1506,True
Coding,575226.mp3,ID1_df4_dt2,575226.mp3,439,2369,258,0.6298,0.1563,0.2505,0,6.1954,True
Coding,575226.mp3,ID2_df6_dt4,575226.mp3,271,1183,137,0.6642,0.1864,0.2911,0,5.7466,True
Coding,575226.mp3,ID3_df9_dt5,575226.mp3,201,766,79,0.7179,0.2079,0.3224,0,5.5071,True
Coding,575226.mp3,ID4_df12_dt6,575226.mp3,135,485,63,0.6818,0.2177,0.3301,0,5.4539,True
Coding,575226.mp3,ID5_df15_dt8,575226.mp3,88,266,45,0.6617,0.2486,0.3614,0,5.4897,True
Coding,575226.mp3,ID6_df25_dt10,575226.mp3,51,175,29,0.6375,0.2257,0.3333,0,5.5634,True
Coding,575226.mp3,ID7_df35_dt15,575226.mp3,15,61,16,0.4839,0.1974,0.2804,0,5.453,True
Coding,575226.mp3,ID8_df50_dt20,575226.mp3,8,36,10,0.4444,0.1818,0.2581,0,5.4362,True
Coding,575226.mp3,ID9_df10_dt5,575226.mp3,184,706,72,0.7188,0.2067,0.3211,0,5.4964,True
Coding,575226.mp3,ID10_df10_dt5,575226.mp3,184,706,72,0.7188,0.2067,0.3211,0,5.4992,True
Coding,575226.mp3,ID11_df7_dt30,575226.mp3,45,155,36,0.5556,0.225,0.3203,0,5.4976,True
Coding,577326.mp3,ID0_df3_dt3,577326.mp3,381,2328,227,0.6266,0.1406,0.2297,0,5.7322,True
Coding,577326.mp3,ID1_df4_dt2,577326.mp3,470,2383,232,0.6695,0.1647,0.2644,0,5.5121,True
Coding,577326.mp3,ID2_df6_dt4,577326.mp3,218,871,136,0.6158,0.2002,0.3021,0,5.5111,True
Coding,577326.mp3,ID3_df9_dt5,577326.mp3,136,503,82,0.6239,0.2128,0.3174,0,5.4992,True
Coding,577326.mp3,ID4_df12_dt6,577326.mp3,88,344,58,0.6027,0.2037,0.3045,0,5.5807,True
Coding,577326.mp3,ID5_df15_dt8,577326.mp3,68,219,37,0.6476,0.2369,0.3469,0,5.6103,True
Coding,577326.mp3,ID6_df25_dt10,577326.mp3,37,112,20,0.6491,0.2483,0.3592,0,5.6802,True
Coding,577326.mp3,ID7_df35_dt15,577326.mp3,21,63,8,0.7241,0.25,0.3717,0,5.4583,True
Coding,577326.mp3,ID8_df50_dt20,577326.mp3,15,31,6,0.7143,0.3261,0.4478,0,5.4754,True
Coding,577326.mp3,ID9_df10_dt5,577326.mp3,124,466,75,0.6231,0.2102,0.3143,0,5.4441,True
Coding,577326.mp3,ID10_df10_dt5,577326.mp3,124,466,75,0.6231,0.2102,0.3143,0,5.4574,True
Coding,577326.mp3,ID11_df7_dt30,577326.mp3,45,127,30,0.6,0.2616,0.3644,0,5.6192,True
Coding,597326.mp3,ID0_df3_dt3,597326.mp3,460,2697,512,0.4733,0.1457,0.2228,0,5.48,True
Coding,597326.mp3,ID1_df4_dt2,597326.mp3,500,2551,420,0.5435,0.1639,0.2518,0,5.5037,True
Coding,597326.mp3,ID2_df6_dt4,597326.mp3,240,1244,246,0.4938,0.1617,0.2437,0,5.4567,True
Coding,597326.mp3,ID3_df9_dt5,597326.mp3,135,787,130,0.5094,0.1464,0.2275,0,5.3981,True
Coding,597326.mp3,ID4_df12_dt6,597326.mp3,86,539,104,0.4526,0.1376,0.211,0,5.4677,True
Coding,597326.mp3,ID5_df15_dt8,597326.mp3,48,354,72,0.4,0.1194,0.1839,0,5.5386,True
Coding,597326.mp3,ID6_df25_dt10,597326.mp3,31,128,30,0.5082,0.195,0.2818,0,5.5071,True
Coding,597326.mp3,ID7_df35_dt15,597326.mp3,12,68,11,0.5217,0.15,0.233,0,5.3895,True
Coding,597326.mp3,ID8_df50_dt20,597326.mp3,10,42,7,0.5882,0.1923,0.2899,0,5.415,True
Coding,597326.mp3,ID9_df10_dt5,597326.mp3,120,709,124,0.4918,0.1448,0.2237,0,5.5317,True
Coding,597326.mp3,ID10_df10_dt5,597326.mp3,120,709,124,0.4918,0.1448,0.2237,0,5.5134,True
Coding,597326.mp3,ID11_df7_dt30,597326.mp3,31,215,45,0.4079,0.126,0.1925,0,5.5892,True
Coding,599226.mp3,ID0_df3_dt3,599226.mp3,350,2891,282,0.5538,0.108,0.1807,0,5.5135,True
Coding,599226.mp3,ID1_df4_dt2,599226.mp3,412,3080,254,0.6186,0.118,0.1982,0,5.4702,True
Coding,599226.mp3,ID2_df6_dt4,599226.mp3,220,1421,154,0.5882,0.1341,0.2184,0,5.4572,True
Coding,599226.mp3,ID3_df9_dt5,599226.mp3,136,793,115,0.5418,0.1464,0.2305,0,5.444,True
Coding,599226.mp3,ID4_df12_dt6,599226.mp3,118,555,93,0.5592,0.1753,0.267,0,5.4575,True
Coding,599226.mp3,ID5_df15_dt8,599226.mp3,93,349,59,0.6118,0.2104,0.3131,0,5.5722,True
Coding,599226.mp3,ID6_df25_dt10,599226.mp3,35,191,30,0.5385,0.1549,0.2405,0,5.4942,True
Coding,599226.mp3,ID7_df35_dt15,599226.mp3,16,74,15,0.5161,0.1778,0.2645,0,5.4118,True
Coding,599226.mp3,ID8_df50_dt20,599226.mp3,14,46,11,0.56,0.2333,0.3294,0,5.4639,True
Coding,599226.mp3,ID9_df10_dt5,599226.mp3,131,709,113,0.5369,0.156,0.2417,0,5.5521,True
Coding,599226.mp3,ID10_df10_dt5,599226.mp3,131,709,113,0.5369,0.156,0.2417,0,5.649,True
Coding,599226.mp3,ID11_df7_dt30,599226.mp3,36,222,44,0.45,0.1395,0.213,0,5.6131,True
Coding,618826.mp3,ID0_df3_dt3,618826.mp3,515,3690,368,0.5832,0.1225,0.2024,0,5.7479,True
Coding,618826.mp3,ID1_df4_dt2,618826.mp3,540,3536,349,0.6074,0.1325,0.2175,0,5.9303,True
Coding,618826.mp3,ID2_df6_dt4,618826.mp3,256,1421,222,0.5356,0.1527,0.2376,0,5.8249,True
Coding,618826.mp3,ID3_df9_dt5,618826.mp3,151,679,145,0.5101,0.1819,0.2682,0,5.9008,True
Coding,618826.mp3,ID4_df12_dt6,618826.mp3,102,440,99,0.5075,0.1882,0.2746,0,5.9271,True
Coding,618826.mp3,ID5_df15_dt8,618826.mp3,75,315,63,0.5435,0.1923,0.2841,0,5.4355,True
Coding,618826.mp3,ID6_df25_dt10,618826.mp3,35,129,30,0.5385,0.2134,0.3057,0,5.4847,True
Coding,618826.mp3,ID7_df35_dt15,618826.mp3,24,73,12,0.6667,0.2474,0.3609,0,5.4014,True
Coding,618826.mp3,ID8_df50_dt20,618826.mp3,13,36,10,0.5652,0.2653,0.3611,0,5.4817,True
Coding,618826.mp3,ID9_df10_dt5,618826.mp3,138,618,138,0.5,0.1825,0.2674,0,6.1969,True
Coding,618826.mp3,ID10_df10_dt5,618826.mp3,138,618,138,0.5,0.1825,0.2674,0,6.2259,True
Coding,618826.mp3,ID11_df7_dt30,618826.mp3,44,158,34,0.5641,0.2178,0.3143,0,6.0312,True
Coding,642026.mp3,ID0_df3_dt3,642026.mp3,335,3051,262,0.5611,0.0989,0.1682,0,5.9839,True
Coding,642026.mp3,ID1_df4_dt2,642026.mp3,368,3669,251,0.5945,0.0912,0.1581,0,6.1146,True
Coding,642026.mp3,ID2_df6_dt4,642026.mp3,198,1115,137,0.591,0.1508,0.2403,0,5.4635,True
Coding,642026.mp3,ID3_df9_dt5,642026.mp3,149,736,97,0.6057,0.1684,0.2635,0,5.6148,True
Coding,642026.mp3,ID4_df12_dt6,642026.mp3,107,509,61,0.6369,0.1737,0.273,0,5.4402,True
Coding,642026.mp3,ID5_df15_dt8,642026.mp3,66,244,34,0.66,0.2129,0.322,0,5.6986,True
Coding,642026.mp3,ID6_df25_dt10,642026.mp3,37,148,19,0.6607,0.2,0.3071,0,5.442,True
Coding,642026.mp3,ID7_df35_dt15,642026.mp3,18,69,7,0.72,0.2069,0.3214,0,5.5086,True
Coding,642026.mp3,ID8_df50_dt20,642026.mp3,11,35,4,0.7333,0.2391,0.3607,0,5.5877,True
Coding,642026.mp3,ID9_df10_dt5,642026.mp3,135,665,88,0.6054,0.1688,0.2639,0,5.7088,True
Coding,642026.mp3,ID10_df10_dt5,642026.mp3,135,665,88,0.6054,0.1688,0.2639,0,5.6396,True
Coding,642026.mp3,ID11_df7_dt30,642026.mp3,40,158,24,0.625,0.202,0.3053,0,5.4698,True
Coding,669126.mp3,ID0_df3_dt3,669126.mp3,277,784,177,0.6101,0.2611,0.3657,0,5.6214,True
Coding,669126.mp3,ID1_df4_dt2,669126.mp3,228,658,165,0.5802,0.2573,0.3565,0,5.4547,True
Coding,669126.mp3,ID2_df6_dt4,669126.mp3,102,333,94,0.5204,0.2345,0.3233,0,5.5169,True
Coding,669126.mp3,ID3_df9_dt5,669126.mp3,67,237,58,0.536,0.2204,0.3124,0,5.4945,True
Coding,669126.mp3,ID4_df12_dt6,669126.mp3,41,174,38,0.519,0.1907,0.2789,0,5.5692,True
Coding,669126.mp3,ID5_df15_dt8,669126.mp3,30,216,29,0.5085,0.122,0.1967,60,6.15,True
Coding,669126.mp3,ID6_df25_dt10,669126.mp3,8,35,16,0.3333,0.186,0.2388,0,5.5059,True
Coding,669126.mp3,ID7_df35_dt15,104526.mp3,5,128,7,0.4167,0.0376,0.069,30,5.556,False
Coding,669126.mp3,ID8_df50_dt20,1029326.mp3,3,42,3,0.5,0.0667,0.1176,391,5.5688,False
Coding,669126.mp3,ID9_df10_dt5,669126.mp3,65,231,57,0.5328,0.2196,0.311,0,5.5343,True
Coding,669126.mp3,ID10_df10_dt5,669126.mp3,65,231,57,0.5328,0.2196,0.311,0,5.5674,True
Coding,669126.mp3,ID11_df7_dt30,669126.mp3,8,99,29,0.2162,0.0748,0.1111,202,5.5105,True
Coding,676326.mp3,ID0_df3_dt3,676326.mp3,358,2800,276,0.5647,0.1134,0.1888,0,5.5909,True
Coding,676326.mp3,ID1_df4_dt2,676326.mp3,376,3280,301,0.5554,0.1028,0.1736,0,5.5236,True
Coding,676326.mp3,ID2_df6_dt4,676326.mp3,136,1042,162,0.4564,0.1154,0.1843,0,5.561,True
Coding,676326.mp3,ID3_df9_dt5,676326.mp3,86,645,111,0.4365,0.1176,0.1853,0,5.4582,True
Coding,676326.mp3,ID4_df12_dt6,676326.mp3,67,429,83,0.4467,0.1351,0.2074,0,5.7746,True
Coding,676326.mp3,ID5_df15_dt8,676326.mp3,38,228,50,0.4318,0.1429,0.2147,0,5.5765,True
Coding,676326.mp3,ID6_df25_dt10,676326.mp3,29,131,21,0.58,0.1812,0.2762,0,5.4902,True
Coding,676326.mp3,ID7_df35_dt15,676326.mp3,17,55,15,0.5312,0.2361,0.3269,0,5.5151,True
Coding,676326.mp3,ID8_df50_dt20,676326.mp3,6,30,8,0.4286,0.1667,0.24,0,5.6461,True
Coding,676326.mp3,ID9_df10_dt5,676326.mp3,83,569,98,0.4586,0.1273,0.1993,0,5.4477,True
Coding,676326.mp3,ID10_df10_dt5,676326.mp3,83,569,98,0.4586,0.1273,0.1993,0,5.5345,True
Coding,676326.mp3,ID11_df7_dt30,676326.mp3,29,146,30,0.4915,0.1657,0.2479,0,5.5407,True
Coding,686326.mp3,ID0_df3_dt3,686326.mp3,420,2552,305,0.5793,0.1413,0.2272,0,5.4528,True
Coding,686326.mp3,ID1_df4_dt2,686326.mp3,500,2733,282,0.6394,0.1547,0.2491,0,5.9658,True
Coding,686326.mp3,ID2_df6_dt4,686326.mp3,235,982,148,0.6136,0.1931,0.2937,0,5.4379,True
Coding,686326.mp3,ID3_df9_dt5,686326.mp3,136,505,105,0.5643,0.2122,0.3084,0,6.3021,True
Coding,686326.mp3,ID4_df12_dt6,686326.mp3,90,330,76,0.5422,0.2143,0.3072,0,5.5796,True
Coding,686326.mp3,ID5_df15_dt8,686326.mp3,60,215,46,0.566,0.2182,0.315,0,5.5704,True
Coding,686326.mp3,ID6_df25_dt10,686326.mp3,38,100,19,0.6667,0.2754,0.3897,0,5.5676,True
Coding,686326.mp3,ID7_df35_dt15,686326.mp3,14,48,6,0.7,0.2258,0.3415,0,5.6082,True
Coding,686326.mp3,ID8_df50_dt20,686326.mp3,11,21,1,0.9167,0.3438,0.5,0,5.7185,True
Coding,686326.mp3,ID9_df10_dt5,686326.mp3,126,457,98,0.5625,0.2161,0.3123,0,5.5725,True
Coding,686326.mp3,ID10_df10_dt5,686326.mp3,126,457,98,0.5625,0.2161,0.3123,0,5.6182,True
Coding,686326.mp3,ID11_df7_dt30,686326.mp3,44,175,19,0.6984,0.2009,0.3121,0,5.4443,True
Coding,728926.mp3,ID0_df3_dt3,728926.mp3,482,3275,502,0.4898,0.1283,0.2033,158,5.6448,True
Coding,728926.mp3,ID1_df4_dt2,728926.mp3,469,3131,527,0.4709,0.1303,0.2041,158,5.7013,True
Coding,728926.mp3,ID2_df6_dt4,728926.mp3,236,1527,302,0.4387,0.1339,0.2051,158,6.1681,True
Coding,728926.mp3,ID3_df9_dt5,728926.mp3,121,714,137,0.469,0.1449,0.2214,158,5.8011,True
Coding,728926.mp3,ID4_df12_dt6,728926.mp3,92,475,95,0.492,0.1623,0.244,157,5.6853,True
Coding,728926.mp3,ID5_df15_dt8,728926.mp3,67,351,72,0.482,0.1603,0.2406,157,5.5342,True
Coding,728926.mp3,ID6_df25_dt10,728926.mp3,26,158,38,0.4062,0.1413,0.2097,157,5.4971,True
Coding,728926.mp3,ID7_df35_dt15,728926.mp3,15,82,24,0.3846,0.1546,0.2206,157,5.5043,True
Coding,728926.mp3,ID8_df50_dt20,728926.mp3,5,37,10,0.3333,0.119,0.1754,237,5.588,True
Coding,728926.mp3,ID9_df10_dt5,728926.mp3,105,634,126,0.4545,0.1421,0.2165,158,6.189,True
Coding,728926.mp3,ID10_df10_dt5,728926.mp3,105,634,126,0.4545,0.1421,0.2165,158,6.1218,True
Coding,728926.mp3,ID11_df7_dt30,728926.mp3,22,223,59,0.2716,0.0898,0.135,157,5.8253,True
Coding,741526.mp3,ID0_df3_dt3,741526.mp3,445,2898,445,0.5,0.1331,0.2103,0,5.688,True
Coding,741526.mp3,ID1_df4_dt2,741526.mp3,359,2848,461,0.4378,0.1119,0.1783,0,5.5032,True
Coding,741526.mp3,ID2_df6_dt4,741526.mp3,211,1360,244,0.4637,0.1343,0.2083,0,5.4997,True
Coding,741526.mp3,ID3_df9_dt5,741526.mp3,158,895,157,0.5016,0.15,0.231,0,5.4543,True
Coding,741526.mp3,ID4_df12_dt6,741526.mp3,127,559,105,0.5474,0.1851,0.2767,0,5.4936,True
Coding,741526.mp3,ID5_df15_dt8,741526.mp3,65,313,62,0.5118,0.172,0.2574,0,5.4734,True
Coding,741526.mp3,ID6_df25_dt10,741526.mp3,28,152,27,0.5091,0.1556,0.2383,0,5.428,True
Coding,741526.mp3,ID7_df35_dt15,741526.mp3,13,81,17,0.4333,0.1383,0.2097,367,5.4633,True
Coding,741526.mp3,ID8_df50_dt20,741526.mp3,10,52,12,0.4545,0.1613,0.2381,367,5.6391,True
Coding,741526.mp3,ID9_df10_dt5,741526.mp3,152,794,149,0.505,0.1607,0.2438,0,5.5589,True
Coding,741526.mp3,ID10_df10_dt5,741526.mp3,152,794,149,0.505,0.1607,0.2438,0,5.5069,True
Coding,741526.mp3,ID11_df7_dt30,741526.mp3,21,184,49,0.3,0.1024,0.1527,0,5.5446,True
Coding,750226.mp3,ID0_df3_dt3,750226.mp3,273,1500,195,0.5833,0.154,0.2436,0,5.4865,True
Coding,750226.mp3,ID1_df4_dt2,750226.mp3,326,1711,173,0.6533,0.16,0.2571,0,5.6683,True
Coding,750226.mp3,ID2_df6_dt4,750226.mp3,122,753,100,0.5495,0.1394,0.2224,0,5.4781,True
Coding,750226.mp3,ID3_df9_dt5,750226.mp3,87,586,60,0.5918,0.1293,0.2122,0,5.4872,True
Coding,750226.mp3,ID4_df12_dt6,750226.mp3,49,469,41,0.5444,0.0946,0.1612,0,5.4482,True
Coding,750226.mp3,ID5_df15_dt8,750226.mp3,31,352,32,0.4921,0.0809,0.139,0,5.6534,True
Coding,750226.mp3,ID6_df25_dt10,750226.mp3,19,84,10,0.6552,0.1845,0.2879,0,5.4719,True
Coding,750226.mp3,ID7_df35_dt15,750226.mp3,10,43,7,0.5882,0.1887,0.2857,0,5.4508,True
Coding,750226.mp3,ID8_df50_dt20,750226.mp3,7,21,4,0.6364,0.25,0.359,0,5.4958,True
Coding,750226.mp3,ID9_df10_dt5,750226.mp3,78,577,56,0.5821,0.1191,0.1977,0,5.4838,True
Coding,750226.mp3,ID10_df10_dt5,750226.mp3,78,577,56,0.5821,0.1191,0.1977,0,5.5954,True
Coding,750226.mp3,ID11_df7_dt30,750226.mp3,19,111,25,0.4318,0.1462,0.2184,0,5.4639,True
Coding,753526.mp3,ID0_df3_dt3,753526.mp3,211,1200,215,0.4953,0.1495,0.2297,0,5.5355,True
Coding,753526.mp3,ID1_df4_dt2,753526.mp3,263,1408,226,0.5378,0.1574,0.2435,0,5.4843,True
Coding,753526.mp3,ID2_df6_dt4,753526.mp3,107,571,105,0.5047,0.1578,0.2404,0,5.477,True
Coding,753526.mp3,ID3_df9_dt5,753526.mp3,70,369,52,0.5738,0.1595,0.2496,0,5.4637,True
Coding,753526.mp3,ID4_df12_dt6,753526.mp3,57,271,37,0.6064,0.1738,0.2701,0,5.6283,True
Coding,753526.mp3,ID5_df15_dt8,753526.mp3,39,200,28,0.5821,0.1632,0.2549,0,5.4185,True
Coding,753526.mp3,ID6_df25_dt10,753526.mp3,21,90,14,0.6,0.1892,0.2877,0,5.4295,True
Coding,753526.mp3,ID7_df35_dt15,753526.mp3,14,32,3,0.8235,0.3043,0.4444,0,5.4918,True
Coding,753526.mp3,ID8_df50_dt20,753526.mp3,9,20,2,0.8182,0.3103,0.45,0,5.4093,True
Coding,753526.mp3,ID9_df10_dt5,753526.mp3,68,349,47,0.5913,0.1631,0.2556,0,5.7233,True
Coding,753526.mp3,ID10_df10_dt5,753526.mp3,68,349,47,0.5913,0.1631,0.2556,0,5.5415,True
Coding,753526.mp3,ID11_df7_dt30,753526.mp3,21,102,17,0.5526,0.1707,0.2609,0,5.4963,True
Coding,756226.mp3,ID0_df3_dt3,756226.mp3,466,3394,422,0.5248,0.1207,0.1963,0,5.5023,True
Coding,756226.mp3,ID1_df4_dt2,756226.mp3,493,3029,365,0.5746,0.14,0.2251,0,5.5284,True
Coding,756226.mp3,ID2_df6_dt4,756226.mp3,255,1771,227,0.529,0.1259,0.2033,0,5.4577,True
Coding,756226.mp3,ID3_df9_dt5,756226.mp3,140,630,135,0.5091,0.1818,0.2679,0,5.4925,True
Coding,756226.mp3,ID4_df12_dt6,756226.mp3,100,448,99,0.5025,0.1825,0.2677,0,5.6442,True
Coding,756226.mp3,ID5_df15_dt8,756226.mp3,67,342,70,0.4891,0.1638,0.2454,0,5.4042,True
Coding,756226.mp3,ID6_df25_dt10,756226.mp3,24,127,31,0.4364,0.1589,0.233,0,5.5257,True
Coding,756226.mp3,ID7_df35_dt15,756226.mp3,10,75,20,0.3333,0.1176,0.1739,0,5.6328,True
Coding,756226.mp3,ID8_df50_dt20,756226.mp3,5,35,12,0.2941,0.125,0.1754,0,5.5531,True
Coding,756226.mp3,ID9_df10_dt5,756226.mp3,133,578,126,0.5135,0.1871,0.2742,0,5.522,True
Coding,756226.mp3,ID10_df10_dt5,756226.mp3,133,578,126,0.5135,0.1871,0.2742,0,5.5413,True
Coding,756226.mp3,ID11_df7_dt30,756226.mp3,42,188,39,0.5185,0.1826,0.2701,0,5.448,True
Coding,764326.mp3,ID0_df3_dt3,764326.mp3,418,2432,246,0.6295,0.1467,0.2379,0,5.4678,True
Coding,764326.mp3,ID1_df4_dt2,764326.mp3,482,2518,242,0.6657,0.1607,0.2589,0,5.5222,True
Coding,764326.mp3,ID2_df6_dt4,764326.mp3,238,1105,140,0.6296,0.1772,0.2766,0,5.4301,True
Coding,764326.mp3,ID3_df9_dt5,764326.mp3,156,668,87,0.642,0.1893,0.2924,0,5.5204,True
Coding,764326.mp3,ID4_df12_dt6,764326.mp3,105,466,70,0.6,0.1839,0.2815,0,5.4997,True
Coding,764326.mp3,ID5_df15_dt8,764326.mp3,79,309,52,0.6031,0.2036,0.3044,0,5.6196,True
Coding,764326.mp3,ID6_df25_dt10,764326.mp3,33,145,20,0.6226,0.1854,0.2857,0,5.443,True
Coding,764326.mp3,ID7_df35_dt15,764326.mp3,16,76,14,0.5333,0.1739,0.2623,0,5.4938,True
Coding,764326.mp3,ID8_df50_dt20,764326.mp3,7,39,4,0.6364,0.1522,0.2456,0,5.4419,True
Coding,764326.mp3,ID9_df10_dt5,764326.mp3,148,616,85,0.6352,0.1937,0.2969,0,5.645,True
Coding,764326.mp3,ID10_df10_dt5,764326.mp3,148,616,85,0.6352,0.1937,0.2969,0,5.5556,True
Coding,764326.mp3,ID11_df7_dt30,764326.mp3,38,202,33,0.5352,0.1583,0.2444,0,5.4344,True
Coding,769426.mp3,ID0_df3_dt3,769426.mp3,291,3453,288,0.5026,0.0777,0.1346,0,5.4902,True
Coding,769426.mp3,ID1_df4_dt2,769426.mp3,325,2904,297,0.5225,0.1007,0.1688,0,5.4594,True
Coding,769426.mp3,ID2_df6_dt4,769426.mp3,191,1690,138,0.5805,0.1015,0.1729,0,5.489,True
Coding,769426.mp3,ID3_df9_dt5,769426.mp3,132,928,81,0.6197,0.1245,0.2074,0,5.4978,True
Coding,769426.mp3,ID4_df12_dt6,769426.mp3,74,456,70,0.5139,0.1396,0.2196,0,5.5452,True
Coding,769426.mp3,ID5_df15_dt8,769426.mp3,50,299,51,0.495,0.1433,0.2222,0,5.403,True
Coding,769426.mp3,ID6_df25_dt10,769426.mp3,31,187,31,0.5,0.1422,0.2214,0,5.4934,True
Coding,769426.mp3,ID7_df35_dt15,769426.mp3,13,79,17,0.4333,0.1413,0.2131,0,5.4474,True
Coding,769426.mp3,ID8_df50_dt20,769426.mp3,6,43,10,0.375,0.1224,0.1846,0,5.5849,True
Coding,769426.mp3,ID9_df10_dt5,769426.mp3,126,827,80,0.6117,0.1322,0.2174,0,5.5594,True
Coding,769426.mp3,ID10_df10_dt5,769426.mp3,126,827,80,0.6117,0.1322,0.2174,0,5.5762,True
Coding,769426.mp3,ID11_df7_dt30,769426.mp3,51,199,33,0.6071,0.204,0.3054,0,5.4448,True
Coding,783626.mp3,ID0_df3_dt3,783626.mp3,337,1564,277,0.5489,0.1773,0.268,285,5.4742,True
Coding,783626.mp3,ID1_df4_dt2,783626.mp3,394,1796,226,0.6355,0.1799,0.2804,285,5.5145,True
Coding,783626.mp3,ID2_df6_dt4,783626.mp3,205,646,140,0.5942,0.2409,0.3428,285,5.6192,True
Coding,783626.mp3,ID3_df9_dt5,783626.mp3,138,385,84,0.6216,0.2639,0.3705,285,5.5714,True
Coding,783626.mp3,ID4_df12_dt6,783626.mp3,92,239,58,0.6133,0.2779,0.3825,285,5.4187,True
Coding,783626.mp3,ID5_df15_dt8,783626.mp3,69,190,46,0.6,0.2664,0.369,285,5.4622,True
Coding,783626.mp3,ID6_df25_dt10,783626.mp3,47,101,28,0.6267,0.3176,0.4215,285,5.4377,True
Coding,783626.mp3,ID7_df35_dt15,783626.mp3,21,36,7,0.75,0.3684,0.4941,286,5.4909,True
Coding,783626.mp3,ID8_df50_dt20,783626.mp3,8,17,5,0.6154,0.32,0.4211,285,5.576,True
Coding,783626.mp3,ID9_df10_dt5,783626.mp3,131,363,77,0.6298,0.2652,0.3732,285,5.6602,True
Coding,783626.mp3,ID10_df10_dt5,783626.mp3,131,363,77,0.6298,0.2652,0.3732,285,5.5825,True
Coding,783626.mp3,ID11_df7_dt30,783626.mp3,36,99,27,0.5714,0.2667,0.3636,285,5.4904,True
Coding,783926.mp3,ID0_df3_dt3,783926.mp3,221,824,171,0.5638,0.2115,0.3076,233,5.4956,True
Coding,783926.mp3,ID1_df4_dt2,783926.mp3,282,815,177,0.6144,0.2571,0.3625,233,5.4616,True
Coding,783926.mp3,ID2_df6_dt4,783926.mp3,160,546,95,0.6275,0.2266,0.333,233,5.6394,True
Coding,783926.mp3,ID3_df9_dt5,783926.mp3,133,410,58,0.6963,0.2449,0.3624,233,5.4125,True
Coding,783926.mp3,ID4_df12_dt6,783926.mp3,82,350,47,0.6357,0.1898,0.2923,233,5.5942,True
Coding,783926.mp3,ID5_df15_dt8,783926.mp3,63,185,25,0.7159,0.254,0.375,233,5.6798,True
Coding,783926.mp3,ID6_df25_dt10,783926.mp3,35,114,15,0.7,0.2349,0.3518,233,5.4288,True
Coding,783926.mp3,ID7_df35_dt15,783926.mp3,22,74,8,0.7333,0.2292,0.3492,233,5.4715,True
Coding,783926.mp3,ID8_df50_dt20,783926.mp3,8,31,10,0.4444,0.2051,0.2807,233,5.6084,True
Coding,783926.mp3,ID9_df10_dt5,783926.mp3,120,395,53,0.6936,0.233,0.3488,233,5.4287,True
Coding,783926.mp3,ID10_df10_dt5,783926.mp3,120,395,53,0.6936,0.233,0.3488,233,5.4684,True
Coding,783926.mp3,ID11_df7_dt30,783926.mp3,43,133,29,0.5972,0.2443,0.3468,233,5.4588,True
Mobile,566726.m4a,ID0_df3_dt3,566726.mp3,888,2834,2833,0.2386,0.2386,0.2386,377,4.9826,True
Mobile,566726.m4a,ID1_df4_dt2,1393526.mp3,863,3916,2968,0.2253,0.1806,0.2005,176,5.1537,False
Mobile,566726.m4a,ID2_df6_dt4,566726.mp3,243,1569,1468,0.142,0.1341,0.138,377,5.3618,True
Mobile,566726.m4a,ID3_df9_dt5,566726.mp3,107,1000,916,0.1046,0.0967,0.1005,19,4.9563,True
Mobile,566726.m4a,ID4_df12_dt6,566726.mp3,57,656,611,0.0853,0.0799,0.0825,19,4.8567,True
Mobile,566726.m4a,ID5_df15_dt8,78226.mp3,24,454,312,0.0714,0.0502,0.059,67,4.8666,False
Mobile,566726.m4a,ID6_df25_dt10,1093726.mp3,9,219,140,0.0604,0.0395,0.0477,377,5.2683,False
Mobile,566726.m4a,ID7_df35_dt15,1116426.mp3,5,43,75,0.0625,0.1042,0.0781,96,4.9862,False
Mobile,566726.m4a,ID8_df50_dt20,1063326.mp3,3,57,42,0.0667,0.05,0.0571,386,5.1179,False
Mobile,566726.m4a,ID9_df10_dt5,566726.mp3,92,923,838,0.0989,0.0906,0.0946,19,4.9368,True
Mobile,566726.m4a,ID10_df10_dt5,566726.mp3,92,923,838,0.0989,0.0906,0.0946,19,4.8549,True
Mobile,566726.m4a,ID11_df7_dt30,1378026.mp3,15,319,199,0.0701,0.0449,0.0547,380,5.0968,False
Mobile,568126.m4a,ID0_df3_dt3,124826.mp3,1223,6902,4005,0.2339,0.1505,0.1832,138,5.508,False
Mobile,568126.m4a,ID1_df4_dt2,568126.mp3,1397,3252,4307,0.2449,0.3005,0.2699,250,5.5981,True
Mobile,568126.m4a,ID2_df6_dt4,568126.mp3,656,1332,1610,0.2895,0.33,0.3084,250,5.7383,True
Mobile,568126.m4a,ID3_df9_dt5,568126.mp3,481,937,855,0.36,0.3392,0.3493,250,5.6101,True
Mobile,568126.m4a,ID4_df12_dt6,568126.mp3,393,740,589,0.4002,0.3469,0.3716,250,5.3962,True
Mobile,568126.m4a,ID5_df15_dt8,568126.mp3,343,619,392,0.4667,0.3565,0.4042,250,5.4714,True
Mobile,568126.m4a,ID6_df25_dt10,568126.mp3,86,279,195,0.306,0.2356,0.2663,250,5.5419,True
Mobile,568126.m4a,ID7_df35_dt15,568126.mp3,45,178,96,0.3191,0.2018,0.2473,250,5.3803,True
Mobile,568126.m4a,ID8_df50_dt20,568126.mp3,8,86,61,0.1159,0.0851,0.0982,249,5.5622,True
Mobile,568126.m4a,ID9_df10_dt5,568126.mp3,464,897,778,0.3736,0.3409,0.3565,250,5.4286,True
Mobile,568126.m4a,ID10_df10_dt5,568126.mp3,464,897,778,0.3736,0.3409,0.3565,250,5.4648,True
Mobile,568126.m4a,ID11_df7_dt30,568126.mp3,44,237,273,0.1388,0.1566,0.1472,250,5.4918,True
Mobile,575226.m4a,ID0_df3_dt3,575226.mp3,1327,2667,3160,0.2957,0.3322,0.3129,149,5.0385,True
Mobile,575226.m4a,ID1_df4_dt2,575226.mp3,1378,2547,3465,0.2845,0.3511,0.3143,149,5.0415,True
Mobile,575226.m4a,ID2_df6_dt4,575226.mp3,671,1439,1347,0.3325,0.318,0.3251,149,5.1496,True
Mobile,575226.m4a,ID3_df9_dt5,575226.mp3,407,928,803,0.3364,0.3049,0.3198,149,4.9083,True
Mobile,575226.m4a,ID4_df12_dt6,575226.mp3,211,601,547,0.2784,0.2599,0.2688,149,5.3476,True
Mobile,575226.m4a,ID5_df15_dt8,575226.mp3,83,364,379,0.1797,0.1857,0.1826,149,4.9664,True
Mobile,575226.m4a,ID6_df25_dt10,575226.mp3,47,250,228,0.1709,0.1582,0.1643,149,4.8829,True
Mobile,575226.m4a,ID7_df35_dt15,575226.mp3,11,104,105,0.0948,0.0957,0.0952,148,4.8765,True
Mobile,575226.m4a,ID8_df50_dt20,277926.mp3,6,47,61,0.0896,0.1132,0.1,12,5.0377,False
Mobile,575226.m4a,ID9_df10_dt5,575226.mp3,371,864,736,0.3351,0.3004,0.3168,149,4.9122,True
Mobile,575226.m4a,ID10_df10_dt5,575226.mp3,371,864,736,0.3351,0.3004,0.3168,149,5.0217,True
Mobile,575226.m4a,ID11_df7_dt30,575226.mp3,48,230,225,0.1758,0.1727,0.1742,149,4.8437,True
Mobile,577326.m4a,ID0_df3_dt3,124826.mp3,1045,5317,3140,0.2497,0.1643,0.1982,211,5.0125,False
Mobile,577326.m4a,ID1_df4_dt2,1156026.mp3,1042,4884,3543,0.2273,0.1758,0.1983,25,5.0743,False
Mobile,577326.m4a,ID2_df6_dt4,968026.mp3,239,2786,1552,0.1334,0.079,0.0993,21,5.102,False
Mobile,577326.m4a,ID3_df9_dt5,1138826.mp3,82,1117,903,0.0832,0.0684,0.0751,29,4.9838,False
Mobile,577326.m4a,ID4_df12_dt6,950826.mp3,44,776,610,0.0673,0.0537,0.0597,363,4.9846,False
Mobile,577326.m4a,ID5_df15_dt8,568126.mp3,28,810,379,0.0688,0.0334,0.045,106,4.8647,False
Mobile,577326.m4a,ID6_df25_dt10,1236326.mp3,10,250,184,0.0515,0.0385,0.0441,27,4.9154,False
Mobile,577326.m4a,ID7_df35_dt15,37426.mp3,7,75,96,0.068,0.0854,0.0757,10,4.8247,False
Mobile,577326.m4a,ID8_df50_dt20,1416526.mp3,5,43,50,0.0909,0.1042,0.0971,305,4.9617,False
Mobile,577326.m4a,ID9_df10_dt5,363426.mp3,71,1438,821,0.0796,0.0471,0.0591,27,5.0984,False
Mobile,577326.m4a,ID10_df10_dt5,363426.mp3,71,1438,821,0.0796,0.0471,0.0591,27,4.9361,False
Mobile,577326.m4a,ID11_df7_dt30,1085326.mp3,15,249,239,0.0591,0.0568,0.0579,106,4.8057,False
Mobile,597326.m4a,ID0_df3_dt3,597326.mp3,1478,2260,2231,0.3985,0.3954,0.3969,134,5.6978,True
Mobile,597326.m4a,ID1_df4_dt2,597326.mp3,1364,2279,2470,0.3558,0.3744,0.3649,134,5.5781,True
Mobile,597326.m4a,ID2_df6_dt4,597326.mp3,555,1179,1105,0.3343,0.3201,0.327,134,5.5438,True
Mobile,597326.m4a,ID3_df9_dt5,597326.mp3,327,813,624,0.3438,0.2868,0.3128,133,5.7153,True
Mobile,597326.m4a,ID4_df12_dt6,597326.mp3,204,565,422,0.3259,0.2653,0.2925,173,5.6866,True
Mobile,597326.m4a,ID5_df15_dt8,597326.mp3,133,371,280,0.322,0.2639,0.2901,133,5.5723,True
Mobile,597326.m4a,ID6_df25_dt10,597326.mp3,45,145,150,0.2308,0.2368,0.2338,133,5.4757,True
Mobile,597326.m4a,ID7_df35_dt15,597326.mp3,16,79,77,0.172,0.1684,0.1702,133,5.4923,True
Mobile,597326.m4a,ID8_df50_dt20,597326.mp3,8,51,32,0.2,0.1356,0.1616,133,5.545,True
Mobile,597326.m4a,ID9_df10_dt5,597326.mp3,289,743,576,0.3341,0.28,0.3047,173,5.6087,True
Mobile,597326.m4a,ID10_df10_dt5,597326.mp3,289,743,576,0.3341,0.28,0.3047,173,5.5843,True
Mobile,597326.m4a,ID11_df7_dt30,597326.mp3,52,243,161,0.2441,0.1763,0.2047,172,5.6558,True
Mobile,599226.m4a,ID0_df3_dt3,124826.mp3,1030,5226,3173,0.2451,0.1646,0.197,264,5.0175,False
Mobile,599226.m4a,ID1_df4_dt2,599226.mp3,1098,3135,3612,0.2331,0.2594,0.2456,40,5.0589,True
Mobile,599226.m4a,ID2_df6_dt4,599226.mp3,299,1621,1598,0.1576,0.1557,0.1567,7,5.1291,True
Mobile,599226.m4a,ID3_df9_dt5,599226.mp3,138,951,883,0.1352,0.1267,0.1308,7,5.0032,True
Mobile,599226.m4a,ID4_df12_dt6,599226.mp3,89,706,590,0.1311,0.1119,0.1208,7,4.9119,True
Mobile,599226.m4a,ID5_df15_dt8,599226.mp3,42,483,373,0.1012,0.08,0.0894,7,4.9372,True
Mobile,599226.m4a,ID6_df25_dt10,599226.mp3,12,248,188,0.06,0.0462,0.0522,7,4.8706,True
Mobile,599226.m4a,ID7_df35_dt15,1087026.mp3,6,95,96,0.0588,0.0594,0.0591,112,4.8816,False
Mobile,599226.m4a,ID8_df50_dt20,1078326.mp3,4,53,57,0.0656,0.0702,0.0678,207,4.8958,False
Mobile,599226.m4a,ID9_df10_dt5,599226.mp3,124,866,793,0.1352,0.1253,0.13,7,5.0274,True
Mobile,599226.m4a,ID10_df10_dt5,599226.mp3,124,866,793,0.1352,0.1253,0.13,7,4.9225,True
Mobile,599226.m4a,ID11_df7_dt30,599226.mp3,19,273,247,0.0714,0.0651,0.0681,7,4.8902,True
Mobile,618826.m4a,ID0_df3_dt3,618826.mp3,2163,3529,2753,0.44,0.38,0.4078,88,4.9812,True
Mobile,618826.m4a,ID1_df4_dt2,618826.mp3,2130,3292,2955,0.4189,0.3928,0.4054,88,5.0909,True
Mobile,618826.m4a,ID2_df6_dt4,618826.mp3,636,1555,1347,0.3207,0.2903,0.3047,87,4.9882,True
Mobile,618826.m4a,ID3_df9_dt5,618826.mp3,286,838,703,0.2892,0.2544,0.2707,88,5.3,True
Mobile,618826.m4a,ID4_df12_dt6,618826.mp3,170,581,458,0.2707,0.2264,0.2466,88,5.0657,True
Mobile,618826.m4a,ID5_df15_dt8,618826.mp3,113,420,296,0.2763,0.212,0.2399,88,5.0113,True
Mobile,618826.m4a,ID6_df25_dt10,618826.mp3,38,185,138,0.2159,0.1704,0.1905,88,4.9896,True
Mobile,618826.m4a,ID7_df35_dt15,618826.mp3,21,100,75,0.2188,0.1736,0.1935,88,4.9852,True
Mobile,618826.m4a,ID8_df50_dt20,618826.mp3,7,53,48,0.1273,0.1167,0.1217,88,4.9649,True
Mobile,618826.m4a,ID9_df10_dt5,618826.mp3,257,768,639,0.2868,0.2507,0.2676,88,5.1499,True
Mobile,618826.m4a,ID10_df10_dt5,618826.mp3,257,768,639,0.2868,0.2507,0.2676,88,5.1335,True
Mobile,618826.m4a,ID11_df7_dt30,618826.mp3,37,205,215,0.1468,0.1529,0.1498,88,4.9745,True
Mobile,642026.m4a,ID0_df3_dt3,642026.mp3,1169,2135,2185,0.3485,0.3538,0.3512,18,5.5136,True
Mobile,642026.m4a,ID1_df4_dt2,642026.mp3,1437,2483,2368,0.3777,0.3666,0.372,18,5.6386,True
Mobile,642026.m4a,ID2_df6_dt4,642026.mp3,449,820,922,0.3275,0.3538,0.3402,18,5.5955,True
Mobile,642026.m4a,ID3_df9_dt5,642026.mp3,276,568,484,0.3632,0.327,0.3441,17,5.8357,True
Mobile,642026.m4a,ID4_df12_dt6,642026.mp3,190,393,339,0.3592,0.3259,0.3417,17,5.5669,True
Mobile,642026.m4a,ID5_df15_dt8,642026.mp3,111,186,192,0.3663,0.3737,0.37,17,5.4641,True
Mobile,642026.m4a,ID6_df25_dt10,642026.mp3,62,116,103,0.3758,0.3483,0.3615,17,5.508,True
Mobile,642026.m4a,ID7_df35_dt15,642026.mp3,29,52,55,0.3452,0.358,0.3515,17,5.469,True
Mobile,642026.m4a,ID8_df50_dt20,642026.mp3,14,30,30,0.3182,0.3182,0.3182,17,5.4774,True
Mobile,642026.m4a,ID9_df10_dt5,642026.mp3,246,518,459,0.3489,0.322,0.3349,17,5.7215,True
Mobile,642026.m4a,ID10_df10_dt5,642026.mp3,246,518,459,0.3489,0.322,0.3349,17,5.5474,True
Mobile,642026.m4a,ID11_df7_dt30,642026.mp3,90,108,120,0.4286,0.4545,0.4412,17,5.4595,True
Mobile,669126.m4a,ID0_df3_dt3,968026.mp3,1118,5308,3615,0.2362,0.174,0.2004,91,5.6121,False
Mobile,669126.m4a,ID1_df4_dt2,1156026.mp3,1111,5152,4112,0.2127,0.1774,0.1935,22,5.6525,False
Mobile,669126.m4a,ID2_df6_dt4,968026.mp3,245,2944,1763,0.122,0.0768,0.0943,91,5.5436,False
Mobile,669126.m4a,ID3_df9_dt5,1186026.mp3,78,1384,978,0.0739,0.0534,0.062,325,5.8172,False
Mobile,669126.m4a,ID4_df12_dt6,520926.mp3,41,881,591,0.0649,0.0445,0.0528,324,5.5001,False
Mobile,669126.m4a,ID5_df15_dt8,488626.mp3,21,710,360,0.0551,0.0287,0.0378,156,5.5381,False
Mobile,669126.m4a,ID6_df25_dt10,1208026.mp3,10,322,167,0.0565,0.0301,0.0393,96,5.4784,False
Mobile,669126.m4a,ID7_df35_dt15,1058226.mp3,5,101,81,0.0581,0.0472,0.0521,26,5.5072,False
Mobile,669126.m4a,ID8_df50_dt20,1052626.mp3,3,64,46,0.0612,0.0448,0.0517,207,5.8886,False
Mobile,669126.m4a,ID9_df10_dt5,1186026.mp3,69,1272,866,0.0738,0.0515,0.0606,325,5.5351,False
Mobile,669126.m4a,ID10_df10_dt5,1186026.mp3,69,1272,866,0.0738,0.0515,0.0606,325,5.5496,False
Mobile,669126.m4a,ID11_df7_dt30,1329326.mp3,17,351,266,0.0601,0.0462,0.0522,144,5.491,False
Mobile,676326.m4a,ID0_df3_dt3,124826.mp3,988,5032,3002,0.2476,0.1641,0.1974,397,5.6303,False
Mobile,676326.m4a,ID1_df4_dt2,1156026.mp3,966,4556,3394,0.2216,0.1749,0.1955,10,5.6238,False
Mobile,676326.m4a,ID2_df6_dt4,968026.mp3,200,2598,1421,0.1234,0.0715,0.0905,132,5.7647,False
Mobile,676326.m4a,ID3_df9_dt5,676326.mp3,80,793,822,0.0887,0.0916,0.0901,124,5.5582,True
Mobile,676326.m4a,ID4_df12_dt6,676326.mp3,47,555,531,0.0813,0.0781,0.0797,198,5.5686,True
Mobile,676326.m4a,ID5_df15_dt8,676326.mp3,29,318,335,0.0797,0.0836,0.0816,198,5.5955,True
Mobile,676326.m4a,ID6_df25_dt10,676326.mp3,13,188,175,0.0691,0.0647,0.0668,49,5.4895,True
Mobile,676326.m4a,ID7_df35_dt15,676326.mp3,8,72,66,0.1081,0.1,0.1039,198,5.6004,True
Mobile,676326.m4a,ID8_df50_dt20,1048226.mp3,3,45,35,0.0789,0.0625,0.0698,80,5.6829,False
Mobile,676326.m4a,ID9_df10_dt5,676326.mp3,66,723,752,0.0807,0.0837,0.0821,198,5.5854,True
Mobile,676326.m4a,ID10_df10_dt5,676326.mp3,66,723,752,0.0807,0.0837,0.0821,198,5.5378,True
Mobile,676326.m4a,ID11_df7_dt30,676326.mp3,18,171,161,0.1006,0.0952,0.0978,198,5.6597,True
Mobile,686326.m4a,ID0_df3_dt3,1236126.mp3,841,4745,2549,0.2481,0.1506,0.1874,393,5.5606,False
Mobile,686326.m4a,ID1_df4_dt2,1156026.mp3,831,4416,2767,0.231,0.1584,0.1879,10,5.8094,False
Mobile,686326.m4a,ID2_df6_dt4,968026.mp3,180,2441,1229,0.1278,0.0687,0.0893,295,5.6161,False
Mobile,686326.m4a,ID3_df9_dt5,1186026.mp3,66,1191,678,0.0887,0.0525,0.066,321,5.5413,False
Mobile,686326.m4a,ID4_df12_dt6,1393426.mp3,41,689,459,0.082,0.0562,0.0667,148,5.5753,False
Mobile,686326.m4a,ID5_df15_dt8,1393426.mp3,20,427,287,0.0651,0.0447,0.0531,148,5.5177,False
Mobile,686326.m4a,ID6_df25_dt10,307926.mp3,10,183,139,0.0671,0.0518,0.0585,209,5.5573,False
Mobile,686326.m4a,ID7_df35_dt15,1249926.mp3,6,89,74,0.075,0.0632,0.0686,91,5.6994,False
Mobile,686326.m4a,ID8_df50_dt20,1095026.mp3,3,49,40,0.0698,0.0577,0.0632,374,5.5079,False
Mobile,686326.m4a,ID9_df10_dt5,1393426.mp3,60,864,616,0.0888,0.0649,0.075,148,5.5738,False
Mobile,686326.m4a,ID10_df10_dt5,1393426.mp3,60,864,616,0.0888,0.0649,0.075,148,5.5553,False
Mobile,686326.m4a,ID11_df7_dt30,343426.mp3,16,231,201,0.0737,0.0648,0.069,103,5.6602,False
Mobile,728926.m4a,ID0_df3_dt3,728926.mp3,2234,2332,2268,0.4962,0.4893,0.4927,201,4.9884,True
Mobile,728926.m4a,ID1_df4_dt2,728926.mp3,1922,2335,2477,0.4369,0.4515,0.4441,201,5.4929,True
Mobile,728926.m4a,ID2_df6_dt4,728926.mp3,861,1261,1185,0.4208,0.4057,0.4131,201,4.9285,True
Mobile,728926.m4a,ID3_df9_dt5,728926.mp3,302,643,574,0.3447,0.3196,0.3317,201,4.912,True
Mobile,728926.m4a,ID4_df12_dt6,728926.mp3,186,456,373,0.3327,0.2897,0.3097,360,4.9975,True
Mobile,728926.m4a,ID5_df15_dt8,728926.mp3,109,363,266,0.2907,0.2309,0.2574,360,4.8941,True
Mobile,728926.m4a,ID6_df25_dt10,728926.mp3,39,175,133,0.2267,0.1822,0.2021,360,4.8885,True
Mobile,728926.m4a,ID7_df35_dt15,728926.mp3,19,97,69,0.2159,0.1638,0.1863,200,5.1015,True
Mobile,728926.m4a,ID8_df50_dt20,728926.mp3,9,38,38,0.1915,0.1915,0.1915,360,4.8572,True
Mobile,728926.m4a,ID9_df10_dt5,728926.mp3,253,569,539,0.3194,0.3078,0.3135,360,4.8815,True
Mobile,728926.m4a,ID10_df10_dt5,728926.mp3,253,569,539,0.3194,0.3078,0.3135,360,5.1021,True
Mobile,728926.m4a,ID11_df7_dt30,728926.mp3,66,208,186,0.2619,0.2409,0.251,41,4.8931,True
Mobile,741526.m4a,ID0_df3_dt3,741526.mp3,1247,3961,3370,0.2701,0.2394,0.2538,234,5.1977,True
Mobile,741526.m4a,ID1_df4_dt2,741526.mp3,1151,3566,3631,0.2407,0.244,0.2423,234,5.4997,True
Mobile,741526.m4a,ID2_df6_dt4,741526.mp3,415,1936,1693,0.1969,0.1765,0.1861,306,5.1206,True
Mobile,741526.m4a,ID3_df9_dt5,741526.mp3,245,1131,974,0.201,0.1781,0.1888,308,5.0841,True
Mobile,741526.m4a,ID4_df12_dt6,741526.mp3,177,858,606,0.2261,0.171,0.1947,308,5.0237,True
Mobile,741526.m4a,ID5_df15_dt8,741526.mp3,71,487,389,0.1543,0.1272,0.1395,13,5.0723,True
Mobile,741526.m4a,ID6_df25_dt10,741526.mp3,38,207,183,0.1719,0.1551,0.1631,13,5.0499,True
Mobile,741526.m4a,ID7_df35_dt15,741526.mp3,20,102,83,0.1942,0.1639,0.1778,306,5.1317,True
Mobile,741526.m4a,ID8_df50_dt20,741526.mp3,10,73,52,0.1613,0.1205,0.1379,50,5.5633,True
Mobile,741526.m4a,ID9_df10_dt5,741526.mp3,221,1065,871,0.2024,0.1719,0.1859,308,5.0653,True
Mobile,741526.m4a,ID10_df10_dt5,741526.mp3,221,1065,871,0.2024,0.1719,0.1859,308,5.2939,True
Mobile,741526.m4a,ID11_df7_dt30,1420826.mp3,14,277,174,0.0745,0.0481,0.0585,181,5.0517,False
Mobile,750226.m4a,ID0_df3_dt3,124826.mp3,1018,5111,3233,0.2395,0.1661,0.1961,214,5.574,False
Mobile,750226.m4a,ID1_df4_dt2,1156026.mp3,1021,4623,3712,0.2157,0.1809,0.1968,33,5.6131,False
Mobile,750226.m4a,ID2_df6_dt4,1372526.mp3,214,2187,1527,0.1229,0.0891,0.1033,257,5.7394,False
Mobile,750226.m4a,ID3_df9_dt5,363426.mp3,80,1514,892,0.0823,0.0502,0.0624,43,5.5911,False
Mobile,750226.m4a,ID4_df12_dt6,1374326.mp3,38,708,558,0.0638,0.0509,0.0566,395,5.6252,False
Mobile,750226.m4a,ID5_df15_dt8,750226.mp3,23,369,355,0.0608,0.0587,0.0597,13,5.5387,True
Mobile,750226.m4a,ID6_df25_dt10,1027926.mp3,10,282,150,0.0625,0.0342,0.0442,114,5.7722,False
Mobile,750226.m4a,ID7_df35_dt15,114726.mp3,5,144,77,0.061,0.0336,0.0433,16,5.6954,False
Mobile,750226.m4a,ID8_df50_dt20,1038726.mp3,3,36,42,0.0667,0.0769,0.0714,6,5.5204,False
Mobile,750226.m4a,ID9_df10_dt5,363426.mp3,63,1396,797,0.0733,0.0432,0.0543,43,5.5475,False
Mobile,750226.m4a,ID10_df10_dt5,363426.mp3,63,1396,797,0.0733,0.0432,0.0543,43,5.541,False
Mobile,750226.m4a,ID11_df7_dt30,1399526.mp3,18,328,248,0.0677,0.052,0.0588,174,5.524,False
Mobile,753526.m4a,ID0_df3_dt3,1236126.mp3,887,4592,2852,0.2372,0.1619,0.1924,398,5.0056,False
Mobile,753526.m4a,ID1_df4_dt2,1156026.mp3,910,4248,3207,0.221,0.1764,0.1962,16,5.2165,False
Mobile,753526.m4a,ID2_df6_dt4,753526.mp3,217,597,1371,0.1366,0.2666,0.1807,19,4.9069,True
Mobile,753526.m4a,ID3_df9_dt5,753526.mp3,135,394,687,0.1642,0.2552,0.1999,19,4.9451,True
Mobile,753526.m4a,ID4_df12_dt6,753526.mp3,101,282,450,0.1833,0.2637,0.2163,19,4.8642,True
Mobile,753526.m4a,ID5_df15_dt8,753526.mp3,80,204,294,0.2139,0.2817,0.2432,19,4.8257,True
Mobile,753526.m4a,ID6_df25_dt10,753526.mp3,34,96,151,0.1838,0.2615,0.2159,19,4.8413,True
Mobile,753526.m4a,ID7_df35_dt15,753526.mp3,13,41,68,0.1605,0.2407,0.1926,19,5.3573,True
Mobile,753526.m4a,ID8_df50_dt20,753526.mp3,8,23,35,0.186,0.2581,0.2162,19,5.2551,True
Mobile,753526.m4a,ID9_df10_dt5,753526.mp3,126,371,624,0.168,0.2535,0.2021,19,4.8544,True
Mobile,753526.m4a,ID10_df10_dt5,753526.mp3,126,371,624,0.168,0.2535,0.2021,19,4.9009,True
Mobile,753526.m4a,ID11_df7_dt30,753526.mp3,43,111,168,0.2038,0.2792,0.2356,19,4.8819,True
Mobile,756226.m4a,ID0_df3_dt3,756226.mp3,1348,3281,2933,0.3149,0.2912,0.3026,127,5.007,True
Mobile,756226.m4a,ID1_df4_dt2,756226.mp3,1168,3134,3184,0.2684,0.2715,0.2699,127,5.064,True
Mobile,756226.m4a,ID2_df6_dt4,756226.mp3,449,1927,1605,0.2186,0.189,0.2027,126,5.1086,True
Mobile,756226.m4a,ID3_df9_dt5,756226.mp3,139,805,747,0.1569,0.1472,0.1519,126,4.9437,True
Mobile,756226.m4a,ID4_df12_dt6,756226.mp3,93,565,513,0.1535,0.1413,0.1472,126,4.9183,True
Mobile,756226.m4a,ID5_df15_dt8,756226.mp3,60,418,354,0.1449,0.1255,0.1345,127,4.8752,True
Mobile,756226.m4a,ID6_df25_dt10,756226.mp3,16,172,158,0.092,0.0851,0.0884,126,4.9312,True
Mobile,756226.m4a,ID7_df35_dt15,1038726.mp3,9,196,99,0.0833,0.0439,0.0575,23,4.8648,False
Mobile,756226.m4a,ID8_df50_dt20,1038726.mp3,4,44,55,0.0678,0.0833,0.0748,125,5.1157,False
Mobile,756226.m4a,ID9_df10_dt5,756226.mp3,127,750,684,0.1566,0.1448,0.1505,126,4.9271,True
Mobile,756226.m4a,ID10_df10_dt5,756226.mp3,127,750,684,0.1566,0.1448,0.1505,126,4.8867,True
Mobile,756226.m4a,ID11_df7_dt30,756226.mp3,15,253,230,0.0612,0.056,0.0585,127,4.8527,True
Mobile,764326.m4a,ID0_df3_dt3,1236126.mp3,971,4808,3046,0.2417,0.168,0.1982,268,5.8602,False
Mobile,764326.m4a,ID1_df4_dt2,1156026.mp3,969,4715,3406,0.2215,0.1705,0.1927,13,5.5796,False
Mobile,764326.m4a,ID2_df6_dt4,1236126.mp3,205,2229,1548,0.1169,0.0842,0.0979,66,5.7426,False
Mobile,764326.m4a,ID3_df9_dt5,1060626.mp3,90,988,914,0.0896,0.0835,0.0865,307,5.516,False
Mobile,764326.m4a,ID4_df12_dt6,568126.mp3,51,874,606,0.0776,0.0551,0.0645,94,5.53,False
Mobile,764326.m4a,ID5_df15_dt8,568126.mp3,32,804,374,0.0788,0.0383,0.0515,94,5.5211,False
Mobile,764326.m4a,ID6_df25_dt10,1144726.mp3,11,197,167,0.0618,0.0529,0.057,28,5.4865,False
Mobile,764326.m4a,ID7_df35_dt15,568126.mp3,7,167,97,0.0673,0.0402,0.0504,34,5.5456,False
Mobile,764326.m4a,ID8_df50_dt20,457126.mp3,5,92,49,0.0926,0.0515,0.0662,22,5.6809,False
Mobile,764326.m4a,ID9_df10_dt5,1060626.mp3,74,905,814,0.0833,0.0756,0.0793,279,5.5408,False
Mobile,764326.m4a,ID10_df10_dt5,1060626.mp3,74,905,814,0.0833,0.0756,0.0793,279,5.4955,False
Mobile,764326.m4a,ID11_df7_dt30,975526.mp3,18,204,220,0.0756,0.0811,0.0783,35,5.5139,False
Mobile,769426.m4a,ID0_df3_dt3,1208026.mp3,1146,3813,3411,0.2515,0.2311,0.2409,209,5.5822,False
Mobile,769426.m4a,ID1_df4_dt2,1270026.mp3,987,4809,3183,0.2367,0.1703,0.1981,4,5.6301,False
Mobile,769426.m4a,ID2_df6_dt4,1208026.mp3,326,2206,1847,0.15,0.1288,0.1386,306,5.7715,False
Mobile,769426.m4a,ID3_df9_dt5,33326.mp3,110,1356,1068,0.0934,0.075,0.0832,6,5.5234,False
Mobile,769426.m4a,ID4_df12_dt6,769426.mp3,48,612,566,0.0782,0.0727,0.0754,358,5.583,True
Mobile,769426.m4a,ID5_df15_dt8,1060626.mp3,28,622,377,0.0691,0.0431,0.0531,161,5.5593,False
Mobile,769426.m4a,ID6_df25_dt10,769426.mp3,16,177,208,0.0714,0.0829,0.0767,358,5.549,True
Mobile,769426.m4a,ID7_df35_dt15,1038726.mp3,5,200,102,0.0467,0.0244,0.0321,16,5.6301,False
Mobile,769426.m4a,ID8_df50_dt20,972626.mp3,4,87,57,0.0656,0.044,0.0526,221,5.6833,False
Mobile,769426.m4a,ID9_df10_dt5,33326.mp3,91,1241,971,0.0857,0.0683,0.076,6,5.5497,False
Mobile,769426.m4a,ID10_df10_dt5,33326.mp3,91,1241,971,0.0857,0.0683,0.076,6,5.5717,False
Mobile,769426.m4a,ID11_df7_dt30,1301826.mp3,16,457,218,0.0684,0.0338,0.0453,16,5.5656,False
Mobile,783626.m4a,ID0_df3_dt3,124826.mp3,896,4574,2805,0.2421,0.1638,0.1954,371,4.8623,False
Mobile,783626.m4a,ID1_df4_dt2,1130326.mp3,874,3932,3177,0.2157,0.1819,0.1974,56,5.0051,False
Mobile,783626.m4a,ID2_df6_dt4,968026.mp3,186,2370,1339,0.122,0.0728,0.0912,121,4.8975,False
Mobile,783626.m4a,ID3_df9_dt5,783626.mp3,105,438,758,0.1217,0.1934,0.1494,279,4.8298,True
Mobile,783626.m4a,ID4_df12_dt6,783626.mp3,73,270,485,0.1308,0.2128,0.162,279,4.7965,True
Mobile,783626.m4a,ID5_df15_dt8,783626.mp3,54,213,297,0.1538,0.2022,0.1748,279,4.789,True
Mobile,783626.m4a,ID6_df25_dt10,783626.mp3,29,122,150,0.162,0.1921,0.1758,279,4.865,True
Mobile,783626.m4a,ID7_df35_dt15,783626.mp3,7,51,60,0.1045,0.1207,0.112,279,4.8002,True
Mobile,783626.m4a,ID8_df50_dt20,783626.mp3,4,21,35,0.1026,0.16,0.125,279,5.0905,True
Mobile,783626.m4a,ID9_df10_dt5,783626.mp3,101,413,682,0.129,0.1965,0.1557,279,4.8343,True
Mobile,783626.m4a,ID10_df10_dt5,783626.mp3,101,413,682,0.129,0.1965,0.1557,279,4.8629,True
Mobile,783626.m4a,ID11_df7_dt30,783626.mp3,25,119,188,0.1174,0.1736,0.1401,280,4.7753,True
Mobile,783926.m4a,ID0_df3_dt3,124826.mp3,1063,5307,3377,0.2394,0.1669,0.1967,180,5.6859,False
Mobile,783926.m4a,ID1_df4_dt2,1156026.mp3,1089,4937,3783,0.2235,0.1807,0.1999,23,5.8298,False
Mobile,783926.m4a,ID2_df6_dt4,968026.mp3,221,2804,1669,0.1169,0.0731,0.0899,17,5.7003,False
Mobile,783926.m4a,ID3_df9_dt5,76726.mp3,84,1285,948,0.0814,0.0614,0.07,156,5.6211,False
Mobile,783926.m4a,ID4_df12_dt6,783926.mp3,56,472,620,0.0828,0.1061,0.093,204,5.5636,True
Mobile,783926.m4a,ID5_df15_dt8,783926.mp3,36,280,398,0.0829,0.1139,0.096,204,5.6054,True
Mobile,783926.m4a,ID6_df25_dt10,783926.mp3,27,170,165,0.1406,0.1371,0.1388,204,5.5902,True
Mobile,783926.m4a,ID7_df35_dt15,783926.mp3,20,103,72,0.2174,0.1626,0.186,204,5.6149,True
Mobile,783926.m4a,ID8_df50_dt20,783926.mp3,7,45,44,0.1373,0.1346,0.1359,204,5.6589,True
Mobile,783926.m4a,ID9_df10_dt5,783926.mp3,75,551,862,0.08,0.1198,0.096,204,5.5992,True
Mobile,783926.m4a,ID10_df10_dt5,783926.mp3,75,551,862,0.08,0.1198,0.096,204,5.5862,True
Mobile,783926.m4a,ID11_df7_dt30,783926.mp3,26,199,233,0.1004,0.1156,0.1074,204,5.6716,True
Noise,566726.wav,ID0_df3_dt3,566726.mp3,2159,1180,1427,0.6021,0.6466,0.6235,0,5.5493,True
Noise,566726.wav,ID1_df4_dt2,566726.mp3,2134,1139,1718,0.554,0.652,0.599,0,5.617,True
Noise,566726.wav,ID2_df6_dt4,566726.mp3,1006,623,611,0.6221,0.6176,0.6198,0,5.4698,True
Noise,566726.wav,ID3_df9_dt5,566726.mp3,644,376,361,0.6408,0.6314,0.636,0,5.4413,True
Noise,566726.wav,ID4_df12_dt6,566726.mp3,441,231,229,0.6582,0.6562,0.6572,0,5.4181,True
Noise,566726.wav,ID5_df15_dt8,566726.mp3,258,110,131,0.6632,0.7011,0.6816,0,5.3808,True
Noise,566726.wav,ID6_df25_dt10,566726.mp3,132,47,50,0.7253,0.7374,0.7313,0,5.4325,True
Noise,566726.wav,ID7_df35_dt15,566726.mp3,71,16,16,0.8161,0.8161,0.8161,0,5.4654,True
Noise,566726.wav,ID8_df50_dt20,566726.mp3,38,11,14,0.7308,0.7755,0.7525,0,5.3702,True
Noise,566726.wav,ID9_df10_dt5,566726.mp3,596,335,320,0.6507,0.6402,0.6454,0,5.51,True
Noise,566726.wav,ID10_df10_dt5,566726.mp3,596,335,320,0.6507,0.6402,0.6454,0,5.4017,True
Noise,566726.wav,ID11_df7_dt30,566726.mp3,143,40,71,0.6682,0.7814,0.7204,0,5.417,True
Noise,568126.wav,ID0_df3_dt3,568126.mp3,1258,803,2283,0.3553,0.6104,0.4491,0,5.5311,True
Noise,568126.wav,ID1_df4_dt2,568126.mp3,1497,963,2324,0.3918,0.6085,0.4767,0,5.7135,True
Noise,568126.wav,ID2_df6_dt4,568126.mp3,815,293,651,0.5559,0.7356,0.6333,0,5.5321,True
Noise,568126.wav,ID3_df9_dt5,568126.mp3,730,245,227,0.7628,0.7487,0.7557,0,5.6628,True
Noise,568126.wav,ID4_df12_dt6,568126.mp3,651,194,114,0.851,0.7704,0.8087,0,5.3779,True
Noise,568126.wav,ID5_df15_dt8,568126.mp3,570,177,61,0.9033,0.7631,0.8273,0,5.3873,True
Noise,568126.wav,ID6_df25_dt10,568126.mp3,207,47,37,0.8484,0.815,0.8313,0,5.4486,True
Noise,568126.wav,ID7_df35_dt15,568126.mp3,126,29,22,0.8514,0.8129,0.8317,0,5.4764,True
Noise,568126.wav,ID8_df50_dt20,568126.mp3,44,14,22,0.6667,0.7586,0.7097,0,5.4545,True
Noise,568126.wav,ID9_df10_dt5,568126.mp3,718,229,188,0.7925,0.7582,0.775,0,5.4064,True
Noise,568126.wav,ID10_df10_dt5,568126.mp3,718,229,188,0.7925,0.7582,0.775,0,5.4392,True
Noise,568126.wav,ID11_df7_dt30,568126.mp3,128,87,110,0.5378,0.5953,0.5651,0,5.3572,True
Noise,575226.wav,ID0_df3_dt3,575226.mp3,1442,1311,2198,0.3962,0.5238,0.4511,0,5.5684,True
Noise,575226.wav,ID1_df4_dt2,575226.mp3,1566,1235,2335,0.4014,0.5591,0.4673,0,5.5665,True
Noise,575226.wav,ID2_df6_dt4,575226.mp3,874,576,737,0.5425,0.6028,0.5711,0,5.5258,True
Noise,575226.wav,ID3_df9_dt5,575226.mp3,606,360,348,0.6352,0.6273,0.6313,0,5.4323,True
Noise,575226.wav,ID4_df12_dt6,575226.mp3,406,213,198,0.6722,0.6559,0.6639,0,5.4527,True
Noise,575226.wav,ID5_df15_dt8,575226.mp3,246,108,131,0.6525,0.6949,0.6731,0,5.3852,True
Noise,575226.wav,ID6_df25_dt10,575226.mp3,159,67,78,0.6709,0.7035,0.6868,0,5.5914,True
Noise,575226.wav,ID7_df35_dt15,575226.mp3,55,21,34,0.618,0.7237,0.6667,0,5.6609,True
Noise,575226.wav,ID8_df50_dt20,575226.mp3,35,9,18,0.6604,0.7955,0.7216,0,5.3859,True
Noise,575226.wav,ID9_df10_dt5,575226.mp3,560,329,304,0.6481,0.6299,0.6389,0,5.414,True
Noise,575226.wav,ID10_df10_dt5,575226.mp3,560,329,304,0.6481,0.6299,0.6389,0,5.3877,True
Noise,575226.wav,ID11_df7_dt30,575226.mp3,141,59,101,0.5826,0.705,0.638,0,5.5481,True
Noise,577326.wav,ID0_df3_dt3,577326.mp3,962,1740,2858,0.2518,0.356,0.295,0,5.6564,True
Noise,577326.wav,ID1_df4_dt2,577326.mp3,1119,1720,3049,0.2685,0.3942,0.3194,0,5.9128,True
Noise,577326.wav,ID2_df6_dt4,577326.mp3,411,675,1225,0.2512,0.3785,0.302,0,5.5417,True
Noise,577326.wav,ID3_df9_dt5,577326.mp3,250,387,654,0.2765,0.3925,0.3245,0,5.513,True
Noise,577326.wav,ID4_df12_dt6,577326.mp3,179,252,392,0.3135,0.4153,0.3573,0,5.3997,True
Noise,577326.wav,ID5_df15_dt8,577326.mp3,130,157,241,0.3504,0.453,0.3951,0,5.5284,True
Noise,577326.wav,ID6_df25_dt10,577326.mp3,81,68,93,0.4655,0.5436,0.5015,0,5.5672,True
Noise,577326.wav,ID7_df35_dt15,577326.mp3,51,33,42,0.5484,0.6071,0.5763,0,5.5449,True
Noise,577326.wav,ID8_df50_dt20,577326.mp3,31,15,19,0.62,0.6739,0.6458,0,5.454,True
Noise,577326.wav,ID9_df10_dt5,577326.mp3,232,356,575,0.2875,0.3946,0.3326,0,5.4107,True
Noise,577326.wav,ID10_df10_dt5,577326.mp3,232,356,575,0.2875,0.3946,0.3326,0,5.506,True
Noise,577326.wav,ID11_df7_dt30,577326.mp3,78,94,144,0.3514,0.4535,0.3959,0,5.4426,True
Noise,597326.wav,ID0_df3_dt3,597326.mp3,2421,732,940,0.7203,0.7678,0.7433,0,5.5604,True
Noise,597326.wav,ID1_df4_dt2,597326.mp3,2346,701,1089,0.683,0.7699,0.7239,0,5.47,True
Noise,597326.wav,ID2_df6_dt4,597326.mp3,1124,360,425,0.7256,0.7574,0.7412,0,5.5088,True
Noise,597326.wav,ID3_df9_dt5,597326.mp3,718,204,250,0.7417,0.7787,0.7598,0,5.4113,True
Noise,597326.wav,ID4_df12_dt6,597326.mp3,498,127,165,0.7511,0.7968,0.7733,0,5.4323,True
Noise,597326.wav,ID5_df15_dt8,597326.mp3,324,78,102,0.7606,0.806,0.7826,0,5.5563,True
Noise,597326.wav,ID6_df25_dt10,597326.mp3,132,27,39,0.7719,0.8302,0.8,0,5.3815,True
Noise,597326.wav,ID7_df35_dt15,597326.mp3,65,15,18,0.7831,0.8125,0.7975,0,5.4286,True
Noise,597326.wav,ID8_df50_dt20,597326.mp3,43,9,10,0.8113,0.8269,0.819,0,5.3717,True
Noise,597326.wav,ID9_df10_dt5,597326.mp3,654,175,238,0.7332,0.7889,0.76,0,5.4847,True
Noise,597326.wav,ID10_df10_dt5,597326.mp3,654,175,238,0.7332,0.7889,0.76,0,5.4473,True
Noise,597326.wav,ID11_df7_dt30,597326.mp3,185,61,61,0.752,0.752,0.752,0,5.5558,True
Noise,599226.wav,ID0_df3_dt3,599226.mp3,1617,1619,2172,0.4268,0.4997,0.4604,0,5.4777,True
Noise,599226.wav,ID1_df4_dt2,599226.mp3,1806,1676,2376,0.4319,0.5187,0.4713,0,5.489,True
Noise,599226.wav,ID2_df6_dt4,599226.mp3,787,853,913,0.4629,0.4799,0.4713,0,5.4361,True
Noise,599226.wav,ID3_df9_dt5,599226.mp3,472,457,486,0.4927,0.5081,0.5003,0,5.454,True
Noise,599226.wav,ID4_df12_dt6,599226.mp3,362,311,313,0.5363,0.5379,0.5371,0,5.4472,True
Noise,599226.wav,ID5_df15_dt8,599226.mp3,248,194,196,0.5586,0.5611,0.5598,0,5.5384,True
Noise,599226.wav,ID6_df25_dt10,599226.mp3,105,121,107,0.4953,0.4646,0.4795,0,5.4411,True
Noise,599226.wav,ID7_df35_dt15,599226.mp3,51,39,44,0.5368,0.5667,0.5514,0,5.3531,True
Noise,599226.wav,ID8_df50_dt20,599226.mp3,36,24,32,0.5294,0.6,0.5625,0,5.4693,True
Noise,599226.wav,ID9_df10_dt5,599226.mp3,431,409,444,0.4926,0.5131,0.5026,0,5.4648,True
Noise,599226.wav,ID10_df10_dt5,599226.mp3,431,409,444,0.4926,0.5131,0.5026,0,5.4802,True
Noise,599226.wav,ID11_df7_dt30,599226.mp3,132,126,133,0.4981,0.5116,0.5048,0,5.569,True
Noise,618826.wav,ID0_df3_dt3,618826.mp3,3616,586,589,0.8599,0.8605,0.8602,0,5.4729,True
Noise,618826.wav,ID1_df4_dt2,618826.mp3,3558,515,530,0.8704,0.8736,0.872,0,5.4552,True
Noise,618826.wav,ID2_df6_dt4,618826.mp3,1453,223,236,0.8603,0.8669,0.8636,0,5.4996,True
Noise,618826.wav,ID3_df9_dt5,618826.mp3,725,105,113,0.8652,0.8735,0.8693,0,5.4614,True
Noise,618826.wav,ID4_df12_dt6,618826.mp3,475,67,71,0.87,0.8764,0.8732,0,5.3863,True
Noise,618826.wav,ID5_df15_dt8,618826.mp3,343,47,57,0.8575,0.8795,0.8684,0,5.514,True
Noise,618826.wav,ID6_df25_dt10,618826.mp3,150,14,18,0.8929,0.9146,0.9036,0,5.3758,True
Noise,618826.wav,ID7_df35_dt15,618826.mp3,91,6,13,0.875,0.9381,0.9055,0,5.4563,True
Noise,618826.wav,ID8_df50_dt20,618826.mp3,46,3,4,0.92,0.9388,0.9293,0,5.4251,True
Noise,618826.wav,ID9_df10_dt5,618826.mp3,659,97,104,0.8637,0.8717,0.8677,0,5.4617,True
Noise,618826.wav,ID10_df10_dt5,618826.mp3,659,97,104,0.8637,0.8717,0.8677,0,5.4746,True
Noise,618826.wav,ID11_df7_dt30,618826.mp3,176,26,34,0.8381,0.8713,0.8544,0,5.4325,True
Noise,642026.wav,ID0_df3_dt3,642026.mp3,1264,2104,2506,0.3353,0.3753,0.3542,0,5.4734,True
Noise,642026.wav,ID1_df4_dt2,642026.mp3,1504,2518,2675,0.3599,0.3739,0.3668,0,5.5472,True
Noise,642026.wav,ID2_df6_dt4,642026.mp3,544,755,1010,0.3501,0.4188,0.3814,0,5.4305,True
Noise,642026.wav,ID3_df9_dt5,642026.mp3,383,496,527,0.4209,0.4357,0.4282,0,5.4313,True
Noise,642026.wav,ID4_df12_dt6,642026.mp3,270,342,347,0.4376,0.4412,0.4394,0,5.5269,True
Noise,642026.wav,ID5_df15_dt8,642026.mp3,164,143,194,0.4581,0.5342,0.4932,0,5.3733,True
Noise,642026.wav,ID6_df25_dt10,642026.mp3,101,81,78,0.5642,0.5549,0.5596,0,5.4327,True
Noise,642026.wav,ID7_df35_dt15,642026.mp3,55,30,38,0.5914,0.6471,0.618,0,5.4145,True
Noise,642026.wav,ID8_df50_dt20,642026.mp3,30,14,18,0.625,0.6818,0.6522,0,5.3947,True
Noise,642026.wav,ID9_df10_dt5,642026.mp3,350,444,475,0.4242,0.4408,0.4324,0,5.4343,True
Noise,642026.wav,ID10_df10_dt5,642026.mp3,350,444,475,0.4242,0.4408,0.4324,0,5.8155,True
Noise,642026.wav,ID11_df7_dt30,642026.mp3,128,68,87,0.5953,0.6531,0.6229,0,5.4484,True
Noise,669126.wav,ID0_df3_dt3,124826.mp3,963,4295,3176,0.2327,0.1831,0.205,213,5.5241,False
Noise,669126.wav,ID1_df4_dt2,1156026.mp3,983,3919,3478,0.2204,0.2005,0.21,20,5.539,False
Noise,669126.wav,ID2_df6_dt4,968026.mp3,231,2293,1520,0.1319,0.0915,0.1081,15,5.5277,False
Noise,669126.wav,ID3_df9_dt5,363426.mp3,74,1262,890,0.0768,0.0554,0.0643,60,5.4832,False
Noise,669126.wav,ID4_df12_dt6,268526.mp3,41,534,600,0.064,0.0713,0.0674,361,5.5558,False
Noise,669126.wav,ID5_df15_dt8,488626.mp3,28,542,362,0.0718,0.0491,0.0583,149,5.8713,False
Noise,669126.wav,ID6_df25_dt10,104526.mp3,12,153,183,0.0615,0.0727,0.0667,205,5.7129,False
Noise,669126.wav,ID7_df35_dt15,1097126.mp3,7,72,87,0.0745,0.0886,0.0809,347,5.4632,False
Noise,669126.wav,ID8_df50_dt20,104526.mp3,4,48,50,0.0741,0.0769,0.0755,389,5.4536,False
Noise,669126.wav,ID9_df10_dt5,1096126.mp3,64,977,816,0.0727,0.0615,0.0666,103,5.6291,False
Noise,669126.wav,ID10_df10_dt5,1096126.mp3,64,977,816,0.0727,0.0615,0.0666,103,5.5172,False
Noise,669126.wav,ID11_df7_dt30,1093426.mp3,13,253,239,0.0516,0.0489,0.0502,76,5.5785,False
Noise,676326.wav,ID0_df3_dt3,676326.mp3,1217,1939,2705,0.3103,0.3856,0.3439,0,5.5472,True
Noise,676326.wav,ID1_df4_dt2,676326.mp3,1388,2263,2940,0.3207,0.3802,0.3479,0,5.547,True
Noise,676326.wav,ID2_df6_dt4,676326.mp3,375,802,1252,0.2305,0.3186,0.2675,0,5.4627,True
Noise,676326.wav,ID3_df9_dt5,676326.mp3,224,506,717,0.238,0.3068,0.2681,0,5.5603,True
Noise,676326.wav,ID4_df12_dt6,676326.mp3,159,336,462,0.256,0.3212,0.2849,0,5.4476,True
Noise,676326.wav,ID5_df15_dt8,676326.mp3,93,172,257,0.2657,0.3509,0.3024,0,5.4225,True
Noise,676326.wav,ID6_df25_dt10,676326.mp3,65,95,131,0.3316,0.4062,0.3652,0,5.4796,True
Noise,676326.wav,ID7_df35_dt15,676326.mp3,34,38,59,0.3656,0.4722,0.4121,1,5.3721,True
Noise,676326.wav,ID8_df50_dt20,676326.mp3,15,21,31,0.3261,0.4167,0.3659,1,5.4249,True
Noise,676326.wav,ID9_df10_dt5,676326.mp3,201,450,646,0.2373,0.3088,0.2684,0,5.564,True
Noise,676326.wav,ID10_df10_dt5,676326.mp3,201,450,646,0.2373,0.3088,0.2684,0,5.5247,True
Noise,676326.wav,ID11_df7_dt30,676326.mp3,80,95,120,0.4,0.4571,0.4267,0,5.4218,True
Noise,686326.wav,ID0_df3_dt3,686326.mp3,1915,1032,1569,0.5497,0.6498,0.5956,0,5.4666,True
Noise,686326.wav,ID1_df4_dt2,686326.mp3,2043,1174,1753,0.5382,0.6351,0.5826,0,5.5505,True
Noise,686326.wav,ID2_df6_dt4,686326.mp3,820,388,620,0.5694,0.6788,0.6193,0,5.4299,True
Noise,686326.wav,ID3_df9_dt5,686326.mp3,476,157,295,0.6174,0.752,0.6781,0,5.5541,True
Noise,686326.wav,ID4_df12_dt6,686326.mp3,342,70,170,0.668,0.8301,0.7403,0,5.3675,True
Noise,686326.wav,ID5_df15_dt8,686326.mp3,223,46,87,0.7194,0.829,0.7703,0,5.4833,True
Noise,686326.wav,ID6_df25_dt10,686326.mp3,110,23,33,0.7692,0.8271,0.7971,0,5.3628,True
Noise,686326.wav,ID7_df35_dt15,686326.mp3,57,4,16,0.7808,0.9344,0.8507,0,5.4094,True
Noise,686326.wav,ID8_df50_dt20,686326.mp3,27,4,6,0.8182,0.871,0.8438,0,5.5977,True
Noise,686326.wav,ID9_df10_dt5,686326.mp3,438,137,254,0.6329,0.7617,0.6914,0,5.6394,True
Noise,686326.wav,ID10_df10_dt5,686326.mp3,438,137,254,0.6329,0.7617,0.6914,0,5.4953,True
Noise,686326.wav,ID11_df7_dt30,686326.mp3,192,20,22,0.8972,0.9057,0.9014,0,5.384,True
Noise,728926.wav,ID0_df3_dt3,728926.mp3,2544,1193,1541,0.6228,0.6808,0.6505,0,5.5249,True
Noise,728926.wav,ID1_df4_dt2,728926.mp3,2255,1334,1667,0.575,0.6283,0.6005,0,5.4962,True
Noise,728926.wav,ID2_df6_dt4,728926.mp3,1161,606,666,0.6355,0.657,0.6461,0,5.6348,True
Noise,728926.wav,ID3_df9_dt5,728926.mp3,554,271,284,0.6611,0.6715,0.6663,0,5.4151,True
Noise,728926.wav,ID4_df12_dt6,728926.mp3,382,178,190,0.6678,0.6821,0.6749,0,5.45,True
Noise,728926.wav,ID5_df15_dt8,728926.mp3,289,124,142,0.6705,0.6998,0.6848,0,5.397,True
Noise,728926.wav,ID6_df25_dt10,728926.mp3,131,53,69,0.655,0.712,0.6823,0,5.4615,True
Noise,728926.wav,ID7_df35_dt15,728926.mp3,66,31,32,0.6735,0.6804,0.6769,158,5.5962,True
Noise,728926.wav,ID8_df50_dt20,728926.mp3,24,13,15,0.6154,0.6486,0.6316,0,5.5498,True
Noise,728926.wav,ID9_df10_dt5,728926.mp3,497,233,266,0.6514,0.6808,0.6658,0,5.4673,True
Noise,728926.wav,ID10_df10_dt5,728926.mp3,497,233,266,0.6514,0.6808,0.6658,0,5.4524,True
Noise,728926.wav,ID11_df7_dt30,728926.mp3,160,82,90,0.64,0.6612,0.6504,0,5.4512,True
Noise,741526.wav,ID0_df3_dt3,741526.mp3,1671,1659,2271,0.4239,0.5018,0.4596,0,5.4828,True
Noise,741526.wav,ID1_df4_dt2,741526.mp3,1480,1716,2620,0.361,0.4631,0.4057,0,5.5437,True
Noise,741526.wav,ID2_df6_dt4,741526.mp3,718,843,1009,0.4157,0.46,0.4367,0,5.5498,True
Noise,741526.wav,ID3_df9_dt5,741526.mp3,502,545,583,0.4627,0.4795,0.4709,0,5.4378,True
Noise,741526.wav,ID4_df12_dt6,741526.mp3,363,323,354,0.5063,0.5292,0.5175,1,5.4135,True
Noise,741526.wav,ID5_df15_dt8,741526.mp3,180,198,196,0.4787,0.4762,0.4775,1,5.4522,True
Noise,741526.wav,ID6_df25_dt10,741526.mp3,88,92,84,0.5116,0.4889,0.5,1,5.662,True
Noise,741526.wav,ID7_df35_dt15,741526.mp3,46,33,37,0.5542,0.5823,0.5679,0,5.5032,True
Noise,741526.wav,ID8_df50_dt20,741526.mp3,35,27,28,0.5556,0.5645,0.56,0,5.7013,True
Noise,741526.wav,ID9_df10_dt5,741526.mp3,458,482,531,0.4631,0.4872,0.4749,0,5.444,True
Noise,741526.wav,ID10_df10_dt5,741526.mp3,458,482,531,0.4631,0.4872,0.4749,0,5.5909,True
Noise,741526.wav,ID11_df7_dt30,741526.mp3,75,127,139,0.3505,0.3713,0.3606,0,5.4735,True
Noise,750226.wav,ID0_df3_dt3,124826.mp3,975,4274,3123,0.2379,0.1857,0.2086,371,5.5525,False
Noise,750226.wav,ID1_df4_dt2,1270026.mp3,958,3714,3499,0.2149,0.2051,0.2099,4,5.541,False
Noise,750226.wav,ID2_df6_dt4,968026.mp3,225,2274,1516,0.1292,0.09,0.1061,22,5.5182,False
Noise,750226.wav,ID3_df9_dt5,750226.mp3,106,567,887,0.1067,0.1575,0.1273,0,5.4057,True
Noise,750226.wav,ID4_df12_dt6,750226.mp3,55,463,559,0.0896,0.1062,0.0972,0,5.4122,True
Noise,750226.wav,ID5_df15_dt8,750226.mp3,32,351,363,0.081,0.0836,0.0823,0,5.3892,True
Noise,750226.wav,ID6_df25_dt10,750226.mp3,14,89,181,0.0718,0.1359,0.094,0,5.4819,True
Noise,750226.wav,ID7_df35_dt15,750226.mp3,11,42,92,0.1068,0.2075,0.141,0,5.5208,True
Noise,750226.wav,ID8_df50_dt20,750226.mp3,8,20,52,0.1333,0.2857,0.1818,0,5.3677,True
Noise,750226.wav,ID9_df10_dt5,750226.mp3,99,556,813,0.1086,0.1511,0.1264,0,5.4828,True
Noise,750226.wav,ID10_df10_dt5,750226.mp3,99,556,813,0.1086,0.1511,0.1264,0,5.4465,True
Noise,750226.wav,ID11_df7_dt30,750226.mp3,28,102,212,0.1167,0.2154,0.1514,0,5.4396,True
Noise,753526.wav,ID0_df3_dt3,1236126.mp3,932,4376,3014,0.2362,0.1756,0.2014,426,5.4896,False
Noise,753526.wav,ID1_df4_dt2,1156026.mp3,942,3960,3350,0.2195,0.1922,0.2049,21,5.6103,False
Noise,753526.wav,ID2_df6_dt4,753526.mp3,225,451,1414,0.1373,0.3328,0.1944,0,5.439,True
Noise,753526.wav,ID3_df9_dt5,753526.mp3,146,292,801,0.1542,0.3333,0.2108,0,5.4376,True
Noise,753526.wav,ID4_df12_dt6,753526.mp3,106,221,517,0.1701,0.3242,0.2232,0,5.4188,True
Noise,753526.wav,ID5_df15_dt8,753526.mp3,77,161,295,0.207,0.3235,0.2525,0,5.4423,True
Noise,753526.wav,ID6_df25_dt10,753526.mp3,34,77,144,0.191,0.3063,0.2353,0,5.3966,True
Noise,753526.wav,ID7_df35_dt15,753526.mp3,22,24,72,0.234,0.4783,0.3143,0,5.5498,True
Noise,753526.wav,ID8_df50_dt20,753526.mp3,14,15,37,0.2745,0.4828,0.35,0,5.4652,True
Noise,753526.wav,ID9_df10_dt5,753526.mp3,138,278,720,0.1608,0.3317,0.2166,0,5.4527,True
Noise,753526.wav,ID10_df10_dt5,753526.mp3,138,278,720,0.1608,0.3317,0.2166,0,5.4635,True
Noise,753526.wav,ID11_df7_dt30,753526.mp3,40,83,188,0.1754,0.3252,0.2279,0,5.43,True
Noise,756226.wav,ID0_df3_dt3,756226.mp3,1956,1901,1831,0.5165,0.5071,0.5118,0,6.1413,True
Noise,756226.wav,ID1_df4_dt2,756226.mp3,1852,1667,2067,0.4726,0.5263,0.498,0,5.803,True
Noise,756226.wav,ID2_df6_dt4,756226.mp3,930,1095,819,0.5317,0.4593,0.4928,0,5.6963,True
Noise,756226.wav,ID3_df9_dt5,756226.mp3,441,329,439,0.5011,0.5727,0.5345,0,5.7139,True
Noise,756226.wav,ID4_df12_dt6,756226.mp3,319,229,293,0.5212,0.5821,0.55,0,5.6331,True
Noise,756226.wav,ID5_df15_dt8,756226.mp3,231,178,183,0.558,0.5648,0.5614,0,5.9113,True
Noise,756226.wav,ID6_df25_dt10,756226.mp3,89,62,88,0.5028,0.5894,0.5427,0,5.887,True
Noise,756226.wav,ID7_df35_dt15,756226.mp3,48,37,48,0.5,0.5647,0.5304,0,5.7014,True
Noise,756226.wav,ID8_df50_dt20,756226.mp3,22,18,22,0.5,0.55,0.5238,0,5.7154,True
Noise,756226.wav,ID9_df10_dt5,756226.mp3,409,302,403,0.5037,0.5752,0.5371,0,5.8305,True
Noise,756226.wav,ID10_df10_dt5,756226.mp3,409,302,403,0.5037,0.5752,0.5371,0,5.4881,True
Noise,756226.wav,ID11_df7_dt30,756226.mp3,136,94,118,0.5354,0.5913,0.562,0,5.4841,True
Noise,764326.wav,ID0_df3_dt3,764326.mp3,1098,1744,2799,0.2818,0.3863,0.3259,0,5.6791,True
Noise,764326.wav,ID1_df4_dt2,764326.mp3,1219,1774,3037,0.2864,0.4073,0.3363,0,5.4907,True
Noise,764326.wav,ID2_df6_dt4,764326.mp3,468,868,1259,0.271,0.3503,0.3056,0,5.4634,True
Noise,764326.wav,ID3_df9_dt5,764326.mp3,279,538,683,0.29,0.3415,0.3137,0,5.4273,True
Noise,764326.wav,ID4_df12_dt6,764326.mp3,187,378,437,0.2997,0.331,0.3146,0,5.4576,True
Noise,764326.wav,ID5_df15_dt8,764326.mp3,130,252,265,0.3291,0.3403,0.3346,0,5.4927,True
Noise,764326.wav,ID6_df25_dt10,764326.mp3,63,112,130,0.3264,0.36,0.3424,0,5.5196,True
Noise,764326.wav,ID7_df35_dt15,764326.mp3,37,51,55,0.4022,0.4205,0.4111,1,5.3963,True
Noise,764326.wav,ID8_df50_dt20,764326.mp3,17,27,31,0.3542,0.3864,0.3696,1,5.4497,True
Noise,764326.wav,ID9_df10_dt5,764326.mp3,262,496,631,0.2934,0.3456,0.3174,0,5.4356,True
Noise,764326.wav,ID10_df10_dt5,764326.mp3,262,496,631,0.2934,0.3456,0.3174,0,5.4688,True
Noise,764326.wav,ID11_df7_dt30,764326.mp3,75,165,168,0.3086,0.3125,0.3106,0,5.5124,True
Noise,769426.wav,ID0_df3_dt3,769426.mp3,2337,1407,1502,0.6088,0.6242,0.6164,0,5.4694,True
Noise,769426.wav,ID1_df4_dt2,769426.mp3,1990,1238,1738,0.5338,0.6165,0.5722,0,5.5239,True
Noise,769426.wav,ID2_df6_dt4,769426.mp3,1183,698,695,0.6299,0.6289,0.6294,0,5.6364,True
Noise,769426.wav,ID3_df9_dt5,769426.mp3,701,359,355,0.6638,0.6613,0.6626,0,5.5619,True
Noise,769426.wav,ID4_df12_dt6,769426.mp3,370,160,196,0.6537,0.6981,0.6752,0,5.447,True
Noise,769426.wav,ID5_df15_dt8,769426.mp3,248,101,109,0.6947,0.7106,0.7025,0,5.519,True
Noise,769426.wav,ID6_df25_dt10,769426.mp3,155,63,60,0.7209,0.711,0.7159,0,5.4248,True
Noise,769426.wav,ID7_df35_dt15,769426.mp3,66,26,24,0.7333,0.7174,0.7253,0,5.4321,True
Noise,769426.wav,ID8_df50_dt20,769426.mp3,37,12,7,0.8409,0.7551,0.7957,0,5.3881,True
Noise,769426.wav,ID9_df10_dt5,769426.mp3,625,328,333,0.6524,0.6558,0.6541,0,5.4579,True
Noise,769426.wav,ID10_df10_dt5,769426.mp3,625,328,333,0.6524,0.6558,0.6541,0,5.4667,True
Noise,769426.wav,ID11_df7_dt30,769426.mp3,192,58,72,0.7273,0.768,0.7471,0,5.5441,True
Noise,783626.wav,ID0_df3_dt3,124826.mp3,929,4305,3013,0.2357,0.1775,0.2025,72,5.5324,False
Noise,783626.wav,ID1_df4_dt2,1156026.mp3,913,3968,3363,0.2135,0.1871,0.1994,29,5.5989,False
Noise,783626.wav,ID2_df6_dt4,783626.mp3,274,577,1431,0.1607,0.322,0.2144,286,5.4727,True
Noise,783626.wav,ID3_df9_dt5,783626.mp3,174,349,764,0.1855,0.3327,0.2382,286,5.4259,True
Noise,783626.wav,ID4_df12_dt6,783626.mp3,119,212,485,0.197,0.3595,0.2545,286,5.4411,True
Noise,783626.wav,ID5_df15_dt8,783626.mp3,93,166,292,0.2416,0.3591,0.2888,286,5.4764,True
Noise,783626.wav,ID6_df25_dt10,783626.mp3,58,90,143,0.2886,0.3919,0.3324,285,5.462,True
Noise,783626.wav,ID7_df35_dt15,783626.mp3,20,36,83,0.1942,0.3571,0.2516,285,5.3713,True
Noise,783626.wav,ID8_df50_dt20,783626.mp3,8,17,35,0.186,0.32,0.2353,285,5.445,True
Noise,783626.wav,ID9_df10_dt5,783626.mp3,166,328,676,0.1971,0.336,0.2485,286,5.4558,True
Noise,783626.wav,ID10_df10_dt5,783626.mp3,166,328,676,0.1971,0.336,0.2485,286,5.5176,True
Noise,783626.wav,ID11_df7_dt30,783626.mp3,45,90,192,0.1899,0.3333,0.2419,286,5.5137,True
Noise,783926.wav,ID0_df3_dt3,124826.mp3,962,4273,3085,0.2377,0.1838,0.2073,70,5.6238,False
Noise,783926.wav,ID1_df4_dt2,1156026.mp3,984,3904,3470,0.2209,0.2013,0.2107,74,5.5731,False
Noise,783926.wav,ID2_df6_dt4,1420426.mp3,196,1748,1522,0.1141,0.1008,0.107,286,5.4297,False
Noise,783926.wav,ID3_df9_dt5,1097626.mp3,80,1105,934,0.0789,0.0675,0.0728,15,5.6189,False
Noise,783926.wav,ID4_df12_dt6,783926.mp3,44,386,595,0.0689,0.1023,0.0823,234,5.637,True
Noise,783926.wav,ID5_df15_dt8,783926.mp3,28,218,352,0.0737,0.1138,0.0895,234,5.4217,True
Noise,783926.wav,ID6_df25_dt10,783926.mp3,18,129,175,0.0933,0.1224,0.1059,234,5.5065,True
Noise,783926.wav,ID7_df35_dt15,783926.mp3,15,80,86,0.1485,0.1579,0.1531,234,5.3887,True
Noise,783926.wav,ID8_df50_dt20,783926.mp3,10,29,45,0.1818,0.2564,0.2128,234,5.4529,True
Noise,783926.wav,ID9_df10_dt5,783926.mp3,71,442,843,0.0777,0.1384,0.0995,234,5.4549,True
Noise,783926.wav,ID10_df10_dt5,783926.mp3,71,442,843,0.0777,0.1384,0.0995,234,5.6607,True
Noise,783926.wav,ID11_df7_dt30,783926.mp3,20,153,227,0.081,0.1156,0.0952,234,5.4912,True
Original,566726.wav,ID0_df3_dt3,566726.mp3,3337,6,21,0.9937,0.9982,0.996,1,5.7529,True
Original,566726.wav,ID1_df4_dt2,566726.mp3,3271,2,32,0.9903,0.9994,0.9948,0,5.4203,True
Original,566726.wav,ID2_df6_dt4,566726.mp3,1628,1,3,0.9982,0.9994,0.9988,0,5.9854,True
Original,566726.wav,ID3_df9_dt5,566726.mp3,1020,0,4,0.9961,1.0,0.998,0,5.961,True
Original,566726.wav,ID4_df12_dt6,566726.mp3,671,1,2,0.997,0.9985,0.9978,0,5.7307,True
Original,566726.wav,ID5_df15_dt8,566726.mp3,368,0,3,0.9919,1.0,0.9959,0,5.5441,True
Original,566726.wav,ID6_df25_dt10,566726.mp3,179,0,3,0.9835,1.0,0.9917,0,5.5195,True
Original,566726.wav,ID7_df35_dt15,566726.mp3,87,0,2,0.9775,1.0,0.9886,0,5.475,True
Original,566726.wav,ID8_df50_dt20,566726.mp3,49,0,0,1.0,1.0,1.0,0,5.4055,True
Original,566726.wav,ID9_df10_dt5,566726.mp3,931,0,4,0.9957,1.0,0.9979,0,5.6918,True
Original,566726.wav,ID10_df10_dt5,566726.mp3,931,0,4,0.9957,1.0,0.9979,0,5.449,True
Original,566726.wav,ID11_df7_dt30,566726.mp3,183,0,21,0.8971,1.0,0.9457,0,5.4489,True
Original,568126.wav,ID0_df3_dt3,568126.mp3,2046,15,13,0.9937,0.9927,0.9932,0,5.4889,True
Original,568126.wav,ID1_df4_dt2,568126.mp3,2448,12,9,0.9963,0.9951,0.9957,0,5.5329,True
Original,568126.wav,ID2_df6_dt4,568126.mp3,1107,1,1,0.9991,0.9991,0.9991,0,5.6379,True
Original,568126.wav,ID3_df9_dt5,568126.mp3,975,0,0,1.0,1.0,1.0,0,5.582,True
Original,568126.wav,ID4_df12_dt6,568126.mp3,845,0,0,1.0,1.0,1.0,0,5.4445,True
Original,568126.wav,ID5_df15_dt8,568126.mp3,747,0,0,1.0,1.0,1.0,0,5.6236,True
Original,568126.wav,ID6_df25_dt10,568126.mp3,254,0,2,0.9922,1.0,0.9961,0,5.5087,True
Original,568126.wav,ID7_df35_dt15,568126.mp3,155,0,1,0.9936,1.0,0.9968,0,5.4301,True
Original,568126.wav,ID8_df50_dt20,568126.mp3,58,0,0,1.0,1.0,1.0,0,5.4655,True
Original,568126.wav,ID9_df10_dt5,568126.mp3,947,0,0,1.0,1.0,1.0,0,5.4844,True
Original,568126.wav,ID10_df10_dt5,568126.mp3,947,0,0,1.0,1.0,1.0,0,5.4479,True
Original,568126.wav,ID11_df7_dt30,568126.mp3,215,0,3,0.9862,1.0,0.9931,0,5.3974,True
Original,575226.wav,ID0_df3_dt3,575226.mp3,2737,16,26,0.9906,0.9942,0.9924,0,5.7381,True
Original,575226.wav,ID1_df4_dt2,575226.mp3,2787,14,14,0.995,0.995,0.995,0,5.7049,True
Original,575226.wav,ID2_df6_dt4,575226.mp3,1447,7,7,0.9952,0.9952,0.9952,1,5.5795,True
Original,575226.wav,ID3_df9_dt5,575226.mp3,966,0,3,0.9969,1.0,0.9984,0,5.5132,True
Original,575226.wav,ID4_df12_dt6,575226.mp3,618,1,6,0.9904,0.9984,0.9944,0,5.4015,True
Original,575226.wav,ID5_df15_dt8,575226.mp3,354,0,12,0.9672,1.0,0.9833,0,5.4162,True
Original,575226.wav,ID6_df25_dt10,575226.mp3,226,0,13,0.9456,1.0,0.972,0,5.5894,True
Original,575226.wav,ID7_df35_dt15,575226.mp3,76,0,9,0.8941,1.0,0.9441,0,5.3786,True
Original,575226.wav,ID8_df50_dt20,575226.mp3,44,0,7,0.8627,1.0,0.9263,0,5.5086,True
Original,575226.wav,ID9_df10_dt5,575226.mp3,889,0,3,0.9966,1.0,0.9983,0,5.5114,True
Original,575226.wav,ID10_df10_dt5,575226.mp3,889,0,3,0.9966,1.0,0.9983,0,5.4183,True
Original,575226.wav,ID11_df7_dt30,575226.mp3,199,1,28,0.8767,0.995,0.9321,0,5.4265,True
Original,577326.wav,ID0_df3_dt3,577326.mp3,2681,21,63,0.977,0.9922,0.9846,0,5.523,True
Original,577326.wav,ID1_df4_dt2,577326.mp3,2820,33,50,0.9826,0.9884,0.9855,1,5.4679,True
Original,577326.wav,ID2_df6_dt4,577326.mp3,1082,7,29,0.9739,0.9936,0.9836,1,5.4915,True
Original,577326.wav,ID3_df9_dt5,577326.mp3,635,4,9,0.986,0.9937,0.9899,1,5.3628,True
Original,577326.wav,ID4_df12_dt6,577326.mp3,431,1,4,0.9908,0.9977,0.9942,1,5.6442,True
Original,577326.wav,ID5_df15_dt8,577326.mp3,287,0,3,0.9897,1.0,0.9948,1,5.3918,True
Original,577326.wav,ID6_df25_dt10,577326.mp3,148,1,3,0.9801,0.9933,0.9867,0,5.4397,True
Original,577326.wav,ID7_df35_dt15,577326.mp3,84,0,3,0.9655,1.0,0.9825,0,5.4071,True
Original,577326.wav,ID8_df50_dt20,577326.mp3,46,0,2,0.9583,1.0,0.9787,0,5.6171,True
Original,577326.wav,ID9_df10_dt5,577326.mp3,586,4,7,0.9882,0.9932,0.9907,1,5.515,True
Original,577326.wav,ID10_df10_dt5,577326.mp3,586,4,7,0.9882,0.9932,0.9907,1,5.4795,True
Original,577326.wav,ID11_df7_dt30,577326.mp3,171,1,4,0.9771,0.9942,0.9856,0,5.4502,True
Original,597326.wav,ID0_df3_dt3,597326.mp3,3147,6,6,0.9981,0.9981,0.9981,0,5.6293,True
Original,597326.wav,ID1_df4_dt2,597326.mp3,3038,9,10,0.9967,0.997,0.9969,0,5.5239,True
Original,597326.wav,ID2_df6_dt4,597326.mp3,1482,2,5,0.9966,0.9987,0.9976,0,5.5371,True
Original,597326.wav,ID3_df9_dt5,597326.mp3,921,1,2,0.9978,0.9989,0.9984,0,5.4973,True
Original,597326.wav,ID4_df12_dt6,597326.mp3,625,0,4,0.9936,1.0,0.9968,0,5.3821,True
Original,597326.wav,ID5_df15_dt8,597326.mp3,401,1,8,0.9804,0.9975,0.9889,0,5.4318,True
Original,597326.wav,ID6_df25_dt10,597326.mp3,159,0,6,0.9636,1.0,0.9815,0,5.3826,True
Original,597326.wav,ID7_df35_dt15,597326.mp3,80,0,5,0.9412,1.0,0.9697,0,5.521,True
Original,597326.wav,ID8_df50_dt20,597326.mp3,52,0,3,0.9455,1.0,0.972,0,5.4539,True
Original,597326.wav,ID9_df10_dt5,597326.mp3,829,0,3,0.9964,1.0,0.9982,0,5.4634,True
Original,597326.wav,ID10_df10_dt5,597326.mp3,829,0,3,0.9964,1.0,0.9982,0,5.5115,True
Original,597326.wav,ID11_df7_dt30,597326.mp3,245,1,6,0.9761,0.9959,0.9859,0,5.3654,True
Original,599226.wav,ID0_df3_dt3,599226.mp3,3235,6,2,0.9994,0.9981,0.9988,1,5.5241,True
Original,599226.wav,ID1_df4_dt2,599226.mp3,3483,9,2,0.9994,0.9974,0.9984,1,5.5562,True
Original,599226.wav,ID2_df6_dt4,599226.mp3,1640,0,1,0.9994,1.0,0.9997,0,5.5187,True
Original,599226.wav,ID3_df9_dt5,599226.mp3,929,0,1,0.9989,1.0,0.9995,0,5.3858,True
Original,599226.wav,ID4_df12_dt6,599226.mp3,672,1,0,1.0,0.9985,0.9993,0,5.5272,True
Original,599226.wav,ID5_df15_dt8,599226.mp3,442,0,5,0.9888,1.0,0.9944,0,5.35,True
Original,599226.wav,ID6_df25_dt10,599226.mp3,226,0,5,0.9784,1.0,0.9891,0,5.4512,True
Original,599226.wav,ID7_df35_dt15,599226.mp3,90,0,1,0.989,1.0,0.9945,0,5.5449,True
Original,599226.wav,ID8_df50_dt20,599226.mp3,60,0,0,1.0,1.0,1.0,0,5.4685,True
Original,599226.wav,ID9_df10_dt5,599226.mp3,840,0,1,0.9988,1.0,0.9994,0,5.4628,True
Original,599226.wav,ID10_df10_dt5,599226.mp3,840,0,1,0.9988,1.0,0.9994,0,5.4212,True
Original,599226.wav,ID11_df7_dt30,599226.mp3,258,0,8,0.9699,1.0,0.9847,0,5.408,True
Original,618826.wav,ID0_df3_dt3,618826.mp3,4203,2,13,0.9969,0.9995,0.9982,1,5.4821,True
Original,618826.wav,ID1_df4_dt2,618826.mp3,4074,2,4,0.999,0.9995,0.9993,1,5.6675,True
Original,618826.wav,ID2_df6_dt4,618826.mp3,1676,0,16,0.9905,1.0,0.9952,0,5.4103,True
Original,618826.wav,ID3_df9_dt5,618826.mp3,830,0,7,0.9916,1.0,0.9958,0,5.5174,True
Original,618826.wav,ID4_df12_dt6,618826.mp3,542,0,1,0.9982,1.0,0.9991,0,5.4707,True
Original,618826.wav,ID5_df15_dt8,618826.mp3,390,0,1,0.9974,1.0,0.9987,0,5.4877,True
Original,618826.wav,ID6_df25_dt10,618826.mp3,164,0,1,0.9939,1.0,0.997,0,5.41,True
Original,618826.wav,ID7_df35_dt15,618826.mp3,97,0,0,1.0,1.0,1.0,0,5.5779,True
Original,618826.wav,ID8_df50_dt20,618826.mp3,49,0,0,1.0,1.0,1.0,0,5.4008,True
Original,618826.wav,ID9_df10_dt5,618826.mp3,756,0,5,0.9934,1.0,0.9967,0,5.4183,True
Original,618826.wav,ID10_df10_dt5,618826.mp3,756,0,5,0.9934,1.0,0.9967,0,5.5012,True
Original,618826.wav,ID11_df7_dt30,618826.mp3,202,0,7,0.9665,1.0,0.983,0,5.4087,True
Original,642026.wav,ID0_df3_dt3,642026.mp3,3344,42,65,0.9809,0.9876,0.9843,1,5.629,True
Original,642026.wav,ID1_df4_dt2,642026.mp3,4002,35,48,0.9881,0.9913,0.9897,1,5.567,True
Original,642026.wav,ID2_df6_dt4,642026.mp3,1283,16,26,0.9801,0.9877,0.9839,0,5.5371,True
Original,642026.wav,ID3_df9_dt5,642026.mp3,864,15,16,0.9818,0.9829,0.9824,0,5.4206,True
Original,642026.wav,ID4_df12_dt6,642026.mp3,602,10,22,0.9647,0.9837,0.9741,0,5.5217,True
Original,642026.wav,ID5_df15_dt8,642026.mp3,299,8,13,0.9583,0.9739,0.9661,0,5.3958,True
Original,642026.wav,ID6_df25_dt10,642026.mp3,177,5,9,0.9516,0.9725,0.962,0,5.4968,True
Original,642026.wav,ID7_df35_dt15,642026.mp3,81,4,8,0.9101,0.9529,0.931,0,5.4703,True
Original,642026.wav,ID8_df50_dt20,642026.mp3,41,3,6,0.8723,0.9318,0.9011,0,5.3847,True
Original,642026.wav,ID9_df10_dt5,642026.mp3,781,13,15,0.9812,0.9836,0.9824,0,5.4673,True
Original,642026.wav,ID10_df10_dt5,642026.mp3,781,13,15,0.9812,0.9836,0.9824,0,5.4738,True
Original,642026.wav,ID11_df7_dt30,642026.mp3,191,5,20,0.9052,0.9745,0.9386,0,5.4356,True
Original,669126.wav,ID0_df3_dt3,669126.mp3,1024,37,120,0.8951,0.9651,0.9288,0,5.9534,True
Original,669126.wav,ID1_df4_dt2,669126.mp3,871,14,91,0.9054,0.9842,0.9432,0,5.5099,True
Original,669126.wav,ID2_df6_dt4,669126.mp3,417,18,42,0.9085,0.9586,0.9329,0,5.404,True
Original,669126.wav,ID3_df9_dt5,669126.mp3,288,16,30,0.9057,0.9474,0.926,0,5.4157,True
Original,669126.wav,ID4_df12_dt6,669126.mp3,203,12,24,0.8943,0.9442,0.9186,0,5.5107,True
Original,669126.wav,ID5_df15_dt8,669126.mp3,150,9,15,0.9091,0.9434,0.9259,0,5.4451,True
Original,669126.wav,ID6_df25_dt10,669126.mp3,40,3,6,0.8696,0.9302,0.8989,0,5.573,True
Original,669126.wav,ID7_df35_dt15,669126.mp3,15,3,4,0.7895,0.8333,0.8108,0,5.3729,True
Original,669126.wav,ID8_df50_dt20,669126.mp3,5,0,4,0.5556,1.0,0.7143,0,5.419,True
Original,669126.wav,ID9_df10_dt5,669126.mp3,280,16,29,0.9061,0.9459,0.9256,0,5.4511,True
Original,669126.wav,ID10_df10_dt5,669126.mp3,280,16,29,0.9061,0.9459,0.9256,0,5.4586,True
Original,669126.wav,ID11_df7_dt30,669126.mp3,35,6,43,0.4487,0.8537,0.5882,0,5.3721,True
Original,676326.wav,ID0_df3_dt3,676326.mp3,3142,14,41,0.9871,0.9956,0.9913,0,5.7159,True
Original,676326.wav,ID1_df4_dt2,676326.mp3,3635,16,36,0.9902,0.9956,0.9929,0,5.4524,True
Original,676326.wav,ID2_df6_dt4,676326.mp3,1168,9,17,0.9857,0.9924,0.989,0,5.5283,True
Original,676326.wav,ID3_df9_dt5,676326.mp3,724,6,13,0.9824,0.9918,0.987,0,5.5029,True
Original,676326.wav,ID4_df12_dt6,676326.mp3,494,1,8,0.9841,0.998,0.991,0,5.4236,True
Original,676326.wav,ID5_df15_dt8,676326.mp3,264,1,8,0.9706,0.9962,0.9832,0,5.5661,True
Original,676326.wav,ID6_df25_dt10,676326.mp3,160,0,5,0.9697,1.0,0.9846,0,5.4636,True
Original,676326.wav,ID7_df35_dt15,676326.mp3,72,0,6,0.9231,1.0,0.96,0,5.4487,True
Original,676326.wav,ID8_df50_dt20,676326.mp3,36,0,4,0.9,1.0,0.9474,0,5.397,True
Original,676326.wav,ID9_df10_dt5,676326.mp3,646,5,13,0.9803,0.9923,0.9863,0,5.4936,True
Original,676326.wav,ID10_df10_dt5,676326.mp3,646,5,13,0.9803,0.9923,0.9863,0,5.4414,True
Original,676326.wav,ID11_df7_dt30,676326.mp3,175,0,2,0.9887,1.0,0.9943,0,5.5514,True
Original,686326.wav,ID0_df3_dt3,686326.mp3,2944,28,48,0.984,0.9906,0.9873,1,5.4704,True
Original,686326.wav,ID1_df4_dt2,686326.mp3,3213,20,39,0.988,0.9938,0.9909,1,5.5031,True
Original,686326.wav,ID2_df6_dt4,686326.mp3,1208,9,32,0.9742,0.9926,0.9833,1,5.455,True
Original,686326.wav,ID3_df9_dt5,686326.mp3,634,7,5,0.9922,0.9891,0.9906,1,5.4257,True
Original,686326.wav,ID4_df12_dt6,686326.mp3,413,7,5,0.988,0.9833,0.9857,1,5.4648,True
Original,686326.wav,ID5_df15_dt8,686326.mp3,270,5,6,0.9783,0.9818,0.98,1,5.4663,True
Original,686326.wav,ID6_df25_dt10,686326.mp3,134,4,5,0.964,0.971,0.9675,1,5.5573,True
Original,686326.wav,ID7_df35_dt15,686326.mp3,61,0,5,0.9242,1.0,0.9606,0,5.422,True
Original,686326.wav,ID8_df50_dt20,686326.mp3,31,0,3,0.9118,1.0,0.9538,0,5.3765,True
Original,686326.wav,ID9_df10_dt5,686326.mp3,576,7,5,0.9914,0.988,0.9897,1,6.1727,True
Original,686326.wav,ID10_df10_dt5,686326.mp3,576,7,5,0.9914,0.988,0.9897,1,6.0618,True
Original,686326.wav,ID11_df7_dt30,686326.mp3,211,1,6,0.9724,0.9953,0.9837,0,5.5831,True
Original,728926.wav,ID0_df3_dt3,728926.mp3,3736,1,0,1.0,0.9997,0.9999,0,5.946,True
Original,728926.wav,ID1_df4_dt2,728926.mp3,3588,1,2,0.9994,0.9997,0.9996,0,5.9546,True
Original,728926.wav,ID2_df6_dt4,728926.mp3,1767,0,0,1.0,1.0,1.0,0,5.698,True
Original,728926.wav,ID3_df9_dt5,728926.mp3,825,0,0,1.0,1.0,1.0,0,5.7319,True
Original,728926.wav,ID4_df12_dt6,728926.mp3,560,0,0,1.0,1.0,1.0,0,5.8505,True
Original,728926.wav,ID5_df15_dt8,728926.mp3,413,0,0,1.0,1.0,1.0,0,5.6914,True
Original,728926.wav,ID6_df25_dt10,728926.mp3,184,0,1,0.9946,1.0,0.9973,0,5.5146,True
Original,728926.wav,ID7_df35_dt15,728926.mp3,97,0,1,0.9898,1.0,0.9949,0,5.4188,True
Original,728926.wav,ID8_df50_dt20,728926.mp3,37,0,1,0.9737,1.0,0.9867,0,5.4168,True
Original,728926.wav,ID9_df10_dt5,728926.mp3,730,0,0,1.0,1.0,1.0,0,5.4609,True
Original,728926.wav,ID10_df10_dt5,728926.mp3,730,0,0,1.0,1.0,1.0,0,5.6038,True
Original,728926.wav,ID11_df7_dt30,728926.mp3,242,0,11,0.9565,1.0,0.9778,0,5.4542,True
Original,741526.wav,ID0_df3_dt3,741526.mp3,3310,33,37,0.9889,0.9901,0.9895,1,5.5671,True
Original,741526.wav,ID1_df4_dt2,741526.mp3,3178,29,29,0.991,0.991,0.991,1,5.6918,True
Original,741526.wav,ID2_df6_dt4,741526.mp3,1547,24,21,0.9866,0.9847,0.9857,1,5.5653,True
Original,741526.wav,ID3_df9_dt5,741526.mp3,1045,8,12,0.9886,0.9924,0.9905,1,5.4992,True
Original,741526.wav,ID4_df12_dt6,741526.mp3,681,5,11,0.9841,0.9927,0.9884,1,5.5534,True
Original,741526.wav,ID5_df15_dt8,741526.mp3,371,1,8,0.9789,0.9973,0.988,0,5.7558,True
Original,741526.wav,ID6_df25_dt10,741526.mp3,176,1,8,0.9565,0.9944,0.9751,0,5.5809,True
Original,741526.wav,ID7_df35_dt15,741526.mp3,79,0,1,0.9875,1.0,0.9937,0,5.5236,True
Original,741526.wav,ID8_df50_dt20,741526.mp3,62,0,1,0.9841,1.0,0.992,0,5.9376,True
Original,741526.wav,ID9_df10_dt5,741526.mp3,938,8,11,0.9884,0.9915,0.99,1,5.6883,True
Original,741526.wav,ID10_df10_dt5,741526.mp3,938,8,11,0.9884,0.9915,0.99,1,5.5002,True
Original,741526.wav,ID11_df7_dt30,741526.mp3,202,0,8,0.9619,1.0,0.9806,0,5.5342,True
Original,750226.wav,ID0_df3_dt3,750226.mp3,1758,13,82,0.9554,0.9927,0.9737,0,5.6648,True
Original,750226.wav,ID1_df4_dt2,750226.mp3,2021,14,55,0.9735,0.9931,0.9832,0,5.6515,True
Original,750226.wav,ID2_df6_dt4,750226.mp3,869,5,28,0.9688,0.9943,0.9814,0,5.6488,True
Original,750226.wav,ID3_df9_dt5,750226.mp3,670,3,15,0.9781,0.9955,0.9867,0,5.6322,True
Original,750226.wav,ID4_df12_dt6,750226.mp3,516,2,14,0.9736,0.9961,0.9847,0,5.6855,True
Original,750226.wav,ID5_df15_dt8,750226.mp3,381,2,10,0.9744,0.9948,0.9845,0,5.4976,True
Original,750226.wav,ID6_df25_dt10,750226.mp3,102,1,3,0.9714,0.9903,0.9808,0,5.5734,True
Original,750226.wav,ID7_df35_dt15,750226.mp3,53,0,2,0.9636,1.0,0.9815,0,5.6324,True
Original,750226.wav,ID8_df50_dt20,750226.mp3,28,0,2,0.9333,1.0,0.9655,0,5.576,True
Original,750226.wav,ID9_df10_dt5,750226.mp3,652,3,15,0.9775,0.9954,0.9864,0,5.6061,True
Original,750226.wav,ID10_df10_dt5,750226.mp3,652,3,15,0.9775,0.9954,0.9864,0,5.4858,True
Original,750226.wav,ID11_df7_dt30,750226.mp3,118,12,22,0.8429,0.9077,0.8741,0,5.6452,True
Original,753526.wav,ID0_df3_dt3,753526.mp3,1383,28,94,0.9364,0.9802,0.9578,1,5.6554,True
Original,753526.wav,ID1_df4_dt2,753526.mp3,1650,21,64,0.9627,0.9874,0.9749,1,5.4951,True
Original,753526.wav,ID2_df6_dt4,753526.mp3,663,15,31,0.9553,0.9779,0.9665,1,5.6136,True
Original,753526.wav,ID3_df9_dt5,753526.mp3,427,12,23,0.9489,0.9727,0.9606,1,5.6681,True
Original,753526.wav,ID4_df12_dt6,753526.mp3,320,8,16,0.9524,0.9756,0.9639,1,5.6994,True
Original,753526.wav,ID5_df15_dt8,753526.mp3,235,4,17,0.9325,0.9833,0.9572,1,5.4346,True
Original,753526.wav,ID6_df25_dt10,753526.mp3,109,2,8,0.9316,0.982,0.9561,0,5.6245,True
Original,753526.wav,ID7_df35_dt15,753526.mp3,46,0,6,0.8846,1.0,0.9388,0,5.7001,True
Original,753526.wav,ID8_df50_dt20,753526.mp3,29,0,7,0.8056,1.0,0.8923,0,5.5186,True
Original,753526.wav,ID9_df10_dt5,753526.mp3,407,10,19,0.9554,0.976,0.9656,1,5.5309,True
Original,753526.wav,ID10_df10_dt5,753526.mp3,407,10,19,0.9554,0.976,0.9656,1,5.5341,True
Original,753526.wav,ID11_df7_dt30,753526.mp3,122,1,24,0.8356,0.9919,0.9071,0,5.4381,True
Original,756226.wav,ID0_df3_dt3,756226.mp3,3856,4,17,0.9956,0.999,0.9973,1,5.5393,True
Original,756226.wav,ID1_df4_dt2,756226.mp3,3519,3,39,0.989,0.9991,0.9941,1,5.7186,True
Original,756226.wav,ID2_df6_dt4,756226.mp3,2026,0,11,0.9946,1.0,0.9973,1,5.738,True
Original,756226.wav,ID3_df9_dt5,756226.mp3,769,1,17,0.9784,0.9987,0.9884,0,5.6651,True
Original,756226.wav,ID4_df12_dt6,756226.mp3,548,0,13,0.9768,1.0,0.9883,0,5.4211,True
Original,756226.wav,ID5_df15_dt8,756226.mp3,409,0,9,0.9785,1.0,0.9891,0,5.463,True
Original,756226.wav,ID6_df25_dt10,756226.mp3,151,0,4,0.9742,1.0,0.9869,0,5.4207,True
Original,756226.wav,ID7_df35_dt15,756226.mp3,85,0,2,0.977,1.0,0.9884,0,5.7013,True
Original,756226.wav,ID8_df50_dt20,756226.mp3,40,0,1,0.9756,1.0,0.9877,0,5.4426,True
Original,756226.wav,ID9_df10_dt5,756226.mp3,710,1,15,0.9793,0.9986,0.9889,0,5.4861,True
Original,756226.wav,ID10_df10_dt5,756226.mp3,710,1,15,0.9793,0.9986,0.9889,0,5.4863,True
Original,756226.wav,ID11_df7_dt30,756226.mp3,230,0,14,0.9426,1.0,0.9705,0,5.4358,True
Original,764326.wav,ID0_df3_dt3,764326.mp3,2784,58,112,0.9613,0.9796,0.9704,0,5.5036,True
Original,764326.wav,ID1_df4_dt2,764326.mp3,2921,72,53,0.9822,0.9759,0.9791,0,5.6779,True
Original,764326.wav,ID2_df6_dt4,764326.mp3,1309,27,53,0.9611,0.9798,0.9703,0,5.5151,True
Original,764326.wav,ID3_df9_dt5,764326.mp3,800,17,40,0.9524,0.9792,0.9656,0,5.479,True
Original,764326.wav,ID4_df12_dt6,764326.mp3,551,14,23,0.9599,0.9752,0.9675,0,5.6112,True
Original,764326.wav,ID5_df15_dt8,764326.mp3,372,10,17,0.9563,0.9738,0.965,0,5.8084,True
Original,764326.wav,ID6_df25_dt10,764326.mp3,168,7,9,0.9492,0.96,0.9545,0,6.2165,True
Original,764326.wav,ID7_df35_dt15,764326.mp3,88,2,5,0.9462,0.9778,0.9617,0,5.7901,True
Original,764326.wav,ID8_df50_dt20,764326.mp3,44,2,3,0.9362,0.9565,0.9462,0,5.5474,True
Original,764326.wav,ID9_df10_dt5,764326.mp3,744,14,35,0.9551,0.9815,0.9681,0,5.5971,True
Original,764326.wav,ID10_df10_dt5,764326.mp3,744,14,35,0.9551,0.9815,0.9681,0,5.7727,True
Original,764326.wav,ID11_df7_dt30,764326.mp3,234,6,43,0.8448,0.975,0.9052,0,5.6271,True
Original,769426.wav,ID0_df3_dt3,769426.mp3,3744,0,1,0.9997,1.0,0.9999,0,5.6571,True
Original,769426.wav,ID1_df4_dt2,769426.mp3,3227,1,1,0.9997,0.9997,0.9997,0,5.5662,True
Original,769426.wav,ID2_df6_dt4,769426.mp3,1881,0,2,0.9989,1.0,0.9995,0,5.6086,True
Original,769426.wav,ID3_df9_dt5,769426.mp3,1060,0,1,0.9991,1.0,0.9995,0,5.4715,True
Original,769426.wav,ID4_df12_dt6,769426.mp3,530,0,1,0.9981,1.0,0.9991,0,5.4085,True
Original,769426.wav,ID5_df15_dt8,769426.mp3,349,0,0,1.0,1.0,1.0,0,5.4776,True
Original,769426.wav,ID6_df25_dt10,769426.mp3,218,0,0,1.0,1.0,1.0,0,5.6139,True
Original,769426.wav,ID7_df35_dt15,769426.mp3,92,0,0,1.0,1.0,1.0,0,5.5125,True
Original,769426.wav,ID8_df50_dt20,769426.mp3,49,0,0,1.0,1.0,1.0,0,5.4321,True
Original,769426.wav,ID9_df10_dt5,769426.mp3,953,0,1,0.999,1.0,0.9995,0,7.3719,True
Original,769426.wav,ID10_df10_dt5,769426.mp3,953,0,1,0.999,1.0,0.9995,0,5.5158,True
Original,769426.wav,ID11_df7_dt30,769426.mp3,250,0,7,0.9728,1.0,0.9862,0,5.5654,True
Original,783626.wav,ID0_df3_dt3,783626.mp3,1764,129,295,0.8567,0.9319,0.8927,287,5.523,True
Original,783626.wav,ID1_df4_dt2,783626.mp3,2033,151,284,0.8774,0.9309,0.9034,286,5.896,True
Original,783626.wav,ID2_df6_dt4,783626.mp3,793,55,116,0.8724,0.9351,0.9027,287,5.5093,True
Original,783626.wav,ID3_df9_dt5,783626.mp3,489,32,87,0.849,0.9386,0.8915,287,5.4899,True
Original,783626.wav,ID4_df12_dt6,783626.mp3,309,20,58,0.842,0.9392,0.8879,287,5.4193,True
Original,783626.wav,ID5_df15_dt8,783626.mp3,242,16,48,0.8345,0.938,0.8832,287,5.5678,True
Original,783626.wav,ID6_df25_dt10,783626.mp3,139,10,23,0.858,0.9329,0.8939,287,5.4349,True
Original,783626.wav,ID7_df35_dt15,783626.mp3,49,7,16,0.7538,0.875,0.8099,286,5.7316,True
Original,783626.wav,ID8_df50_dt20,783626.mp3,20,5,11,0.6452,0.8,0.7143,286,5.4094,True
Original,783626.wav,ID9_df10_dt5,783626.mp3,464,28,70,0.8689,0.9431,0.9045,287,5.547,True
Original,783626.wav,ID10_df10_dt5,783626.mp3,464,28,70,0.8689,0.9431,0.9045,287,5.4204,True
Original,783626.wav,ID11_df7_dt30,783626.mp3,128,7,59,0.6845,0.9481,0.795,286,5.6461,True
Original,783926.wav,ID0_df3_dt3,783926.mp3,926,101,131,0.8761,0.9017,0.8887,237,5.5136,True
Original,783926.wav,ID1_df4_dt2,783926.mp3,992,84,133,0.8818,0.9219,0.9014,237,5.5627,True
Original,783926.wav,ID2_df6_dt4,783926.mp3,641,49,77,0.8928,0.929,0.9105,237,5.4759,True
Original,783926.wav,ID3_df9_dt5,783926.mp3,498,32,49,0.9104,0.9396,0.9248,236,5.4461,True
Original,783926.wav,ID4_df12_dt6,783926.mp3,399,23,33,0.9236,0.9455,0.9344,237,5.461,True
Original,783926.wav,ID5_df15_dt8,783926.mp3,224,18,31,0.8784,0.9256,0.9014,237,5.55,True
Original,783926.wav,ID6_df25_dt10,783926.mp3,132,13,19,0.8742,0.9103,0.8919,237,5.4823,True
Original,783926.wav,ID7_df35_dt15,783926.mp3,83,10,18,0.8218,0.8925,0.8557,236,5.4057,True
Original,783926.wav,ID8_df50_dt20,783926.mp3,36,3,5,0.878,0.9231,0.9,236,5.4391,True
Original,783926.wav,ID9_df10_dt5,783926.mp3,475,28,43,0.917,0.9443,0.9305,236,5.6057,True
Original,783926.wav,ID10_df10_dt5,783926.mp3,475,28,43,0.917,0.9443,0.9305,236,5.6521,True
Original,783926.wav,ID11_df7_dt30,783926.mp3,155,18,33,0.8245,0.896,0.8587,236,5.4923,True
